1614392435104,-0.70870537,3.083826,8.966559
1614392435119,-0.95531565,3.4645157,9.232324
1614392435148,-0.6656084,3.328042,8.868394
1614392435160,-0.59378016,3.213117,8.6984005
1614392435179,-0.20590763,2.9808722,8.79896
1614392435199,-1.0750294,3.2897336,8.945011
1614392435220,-0.8930645,3.2370596,9.167678
1614392435241,-0.34716985,3.1484714,9.0838785
1614392435261,-0.29689008,3.1963568,8.810931
1614392435280,-0.10774237,3.1365,9.069513
1614392435300,-0.16041641,3.11974,9.296969
1614392435320,-0.38787252,3.0359404,9.495694
1614392435342,-0.6057515,3.15326,9.498088
1614392435360,-0.71588814,3.2514253,9.174861
1614392435380,-0.37350687,3.0862203,9.024022
1614392435401,-0.15083931,3.0191805,8.89952
1614392435419,-0.28731298,2.9952378,8.935433
1614392435441,-0.3902668,2.8946784,9.481328
1614392435465,-0.18675344,2.7127132,9.5244255
1614392435494,-0.16281068,2.7821474,9.361614
1614392435506,-1.3982565,3.5171897,10.240314
1614392435526,-0.047885496,2.954535,9.818921
1614392435556,0.7446195,2.9138324,7.8460383
1614392435567,0.17717634,2.8635526,8.415876
1614392435581,0.7446195,2.6815877,8.389539
1614392435610,0.80208206,2.7462332,7.843644
1614392435625,0.5219519,2.8874955,7.6521025
1614392435642,-3.3160706,4.4318027,12.014471
1614392435669,1.6328955,2.9066496,9.850046
1614392435684,0.32562137,3.1029801,7.4653487
1614392435700,0.57223165,3.5147953,8.224334
1614392435719,0.12450229,3.0048149,7.9489923
1614392435740,-0.13886794,3.1676257,8.047157
1614392435763,-0.09337672,2.9090438,8.403905
1614392435782,0.38787252,2.7653873,8.684034
1614392435800,0.19154198,2.7366562,7.369578
1614392435820,0.28252444,2.9401696,8.595447
1614392435839,0.23224466,2.4421604,10.07032
1614392435878,0.888276,1.5778271,11.329708
1614392435889,0.29928434,1.6855695,10.206794
1614392435910,0.44533512,2.2554069,8.79896
1614392435934,0.31843856,2.578634,9.174861
1614392435947,-0.25858167,2.2721667,9.5483675
1614392435970,-0.9026416,2.135693,9.246689
1614392435994,-0.44533512,2.0375278,9.428655
1614392436004,-0.37111259,1.9920366,10.35045
1614392436019,-0.16520496,2.0159793,10.010463
1614392436039,-0.3423813,1.9633054,9.3592205
1614392436060,-0.38787252,1.9393626,10.343267
1614392436090,-0.7877164,2.0016139,8.648121
1614392436105,-0.86193895,1.8962656,8.253065
1614392436120,-0.5147691,2.142876,8.564321
1614392436139,0.016759925,2.0854135,8.889942
1614392436163,-0.42618093,1.9226027,9.435837
1614392436189,-0.15323359,1.6568382,9.522031
1614392436204,0.2561874,2.7127132,9.725544
1614392436219,0.2681588,2.6121538,8.415876
1614392436240,-1.1253091,1.9130256,7.699988
1614392436259,-0.1340794,2.7294734,9.024022
1614392436279,-0.32801566,2.597788,9.550762
1614392436310,-1.1013664,1.6831752,8.968953
1614392436343,-2.1979442,1.5012103,8.597841
1614392436365,-1.7119064,2.0447106,9.390346
1614392436387,-1.3862851,2.0925963,9.040782
1614392436407,-1.4221992,1.8651401,8.408693
1614392436430,-0.9577099,1.5634614,9.04557
1614392436444,-1.2258687,1.3982565,9.613013
1614392436457,-1.5586729,1.6017698,10.077502
1614392436479,-0.8236305,1.7238779,10.379181
1614392436494,-0.93616146,1.5874043,10.826911
1614392436501,-1.2474172,1.2138973,8.260248
1614392436519,-0.50758624,1.2234744,4.70475
1614392436540,0.090982445,1.0702409,7.2354984
1614392436563,0.0071828244,0.56265455,8.58587
1614392436582,0.019154198,-0.11013664,8.387145
1614392436601,-0.12689656,-1.0055954,8.684034
1614392436619,0.99362403,-1.6544439,9.687236
1614392436639,1.3862851,-1.5610672,8.624178
1614392436660,1.4581133,-2.4493432,7.6688623
1614392436680,0.84278476,-3.1436827,5.9904757
1614392436700,0.23463893,-4.07745,7.8340673
1614392436721,0.34716985,-4.4461684,9.268238
1614392436752,0.10055954,-4.7981267,9.031204
1614392436766,0.3902668,-4.73827,8.231517
1614392436781,0.04070267,-5.3248672,7.8627987
1614392436800,0.7781393,-5.652883,8.111803
1614392436897,2.4613144,-5.1859994,10.211582
1614392436904,2.3559663,-4.9585433,11.976163
1614392436923,2.5044115,-4.8579836,12.723176
1614392436933,3.067066,-4.5012364,13.383996
1614392436942,2.7677817,-4.0989985,13.158935
1614392436953,2.2625897,-3.8212626,14.174107
1614392436975,2.3631492,-3.7326744,14.107067
1614392436986,3.469304,-3.0215747,14.044816
1614392436990,4.850801,-2.2961094,14.142982
1614392437000,5.6983743,-1.9728824,14.004113
1614392437021,5.7893567,-1.951334,14.01369
1614392437040,5.6241517,-2.2745612,12.957815
1614392437060,5.827665,-2.1907616,12.24911
1614392437081,5.7797794,-2.3320236,10.132571
1614392437100,5.4948606,-2.760599,8.930645
1614392437121,5.2506447,-3.100586,8.909097
1614392437142,5.5307746,-2.944958,7.2977495
1614392437161,6.261029,-3.3495905,4.0367475
1614392437181,5.9856873,-3.545921,5.154874
1614392437202,5.705557,-4.740664,4.309695
1614392437222,4.1588554,-5.2865586,5.384724
1614392437243,2.8108785,-6.8715687,5.791751
1614392437264,1.8890828,-7.3001437,5.3919067
1614392437282,2.6360965,-6.531582,5.6552773
1614392437300,2.22907,-6.5196104,6.646507
1614392437326,0.97446984,-8.12138,6.5579185
1614392437353,0.9529214,-7.553937,6.342434
1614392437380,2.49244,-7.0559278,7.666468
1614392437406,2.47568,-8.157294,8.303345
1614392437421,2.176396,-7.982512,7.4605603
1614392437435,2.7294734,-7.4964743,7.3767605
1614392437534,2.1716073,-7.7837873,5.111777
1614392437555,2.6504622,-7.85801,4.678413
1614392437556,3.2969165,-7.3743663,6.0599093
1614392437560,2.7653873,-7.695199,5.394301
1614392437561,2.7127132,-8.231517,5.2506447
1614392437561,3.2610023,-8.724737,6.064698
1614392437574,3.8236568,-9.26345,6.7255177
1614392437589,3.4094474,-9.019233,6.2490573
1614392437607,4.4246197,-8.660092,7.5850625
1614392437629,3.7877429,-7.518023,5.7797794
1614392437650,2.8467927,-6.926637,4.747847
1614392437661,2.595394,-6.5579185,6.349617
1614392437681,2.5092,-6.8260775,6.481302
1614392437700,3.347196,-7.058322,6.510033
1614392437720,4.12773,-7.16367,6.0455437
1614392437741,3.8547823,-6.65369,4.661653
1614392437761,4.381523,-6.4860907,5.5092263
1614392437781,5.3248672,-6.349617,7.6521025
1614392437802,2.4206119,-7.103813,7.4629545
1614392437826,-0.42618093,-7.4270406,6.507639
1614392437843,-0.5123748,-7.8125186,9.4095
1614392437867,-0.818842,-6.962551,9.93624
1614392437886,-1.2402344,-6.7279124,8.868394
1614392437909,-1.8507744,-6.7638264,9.663293
1614392437925,-3.0910087,-7.355212,9.431048
1614392437944,-2.6648278,-6.6081986,6.7734036
1614392437960,-1.324034,-5.28177,3.641692
1614392437982,-0.55307746,-4.40786,5.897099
1614392438003,0.6273,-4.3216662,6.30652
1614392438035,2.0518935,-3.1652312,5.9258304
1614392438045,2.5235655,-3.4621215,8.066312
1614392438061,2.8204558,-4.4318027,6.483696
1614392438080,2.0925963,-4.819675,5.2458563
1614392438102,0.31604427,-5.995264,8.645726
1614392438120,0.49082634,-5.691191,10.065532
1614392438143,-0.05027977,-5.672037,8.669669
1614392438161,1.0965779,-4.95136,7.637737
1614392438181,1.2785428,-5.217125,7.16367
1614392438201,1.2450229,-4.80531,7.273807
1614392438224,1.1899546,-4.661653,7.726325
1614392438241,1.2210802,-4.173221,5.889916
1614392438260,1.525153,-4.3264546,6.818895
1614392438282,2.185973,-5.29853,8.801354
1614392438301,-0.47167215,-6.1317377,11.988134
1614392438340,-0.66800267,-6.3807425,12.086299
1614392438352,-0.34477556,-5.439792,9.021627
1614392438362,0.21309046,-4.946572,6.6704497
1614392438382,1.3910737,-5.212336,8.614601
1614392438404,0.33759275,-6.5603127,8.274613
1614392438423,1.0798179,-6.864386,6.926637
1614392438442,2.6648278,-6.5579185,8.059129
1614392438463,3.849994,-5.8947043,7.649708
1614392438483,3.4118416,-5.8779445,5.9976583
1614392438503,4.07745,-5.2697988,5.995264
1614392438526,2.5020173,-6.7925577,7.187613
1614392438546,1.5371244,-8.2387,11.645753
1614392438564,1.3910737,-7.1780357,9.682447
1614392438586,1.8316202,-5.810905,6.5363703
1614392438604,1.6065584,-5.767808,6.138921
1614392438637,1.3862851,-8.025609,9.998491
1614392438664,1.472479,-8.413482,9.660899
1614392438707,1.8483802,-6.56989,5.0184
1614392438731,3.1221344,-6.2083545,4.470111
1614392438749,3.8811195,-7.570697,8.822903
1614392438768,3.2921278,-7.285778,5.6983743
1614392438785,2.971295,-5.073468,2.3679378
1614392438809,3.3615618,-5.0998054,4.4389853
1614392438826,3.215511,-5.4350038,7.058322
1614392438849,3.6991546,-5.686403,8.5331955
1614392438877,3.3926873,-6.1125836,6.1748347
1614392438896,4.635316,-5.31529,5.4158497
1614392438928,3.8930907,-6.3759537,5.255433
1614392438938,6.632141,-3.8883023,5.497255
1614392438946,7.3049326,-5.078257,3.3400133
1614392438957,6.387925,-6.0479383,3.7326744
1614392438977,5.279376,-6.804529,3.9840732
1614392438998,4.879532,-6.9218483,5.8252707
1614392439014,3.328042,-8.25546,5.930619
1614392439029,0.19633053,-8.818114,5.873156
1614392439053,-0.16041641,-9.002473,5.8444247
1614392439076,1.7382435,-8.657698,4.946572
1614392439091,2.9114382,-8.118986,3.3304362
1614392439099,2.2769554,-8.303345,2.3631492
1614392439111,3.79732,-8.391933,4.5515165
1614392439125,5.3871183,-7.144516,5.0495257
1614392439145,6.4334164,-6.411868,2.430189
1614392439162,6.804529,-5.6337285,1.8148603
1614392439186,5.2075477,-7.85801,1.7286664
1614392439211,2.9377751,-8.73192,4.3863115
1614392439224,3.397476,-8.600235,5.5619006
1614392439242,4.103787,-8.825297,4.767001
1614392439261,4.249838,-8.107015,2.4014575
1614392439281,4.0391417,-8.195602,2.1979442
1614392439302,3.4740927,-11.214784,2.2769554
1614392439321,1.297697,-11.669696,3.083826
1614392439341,0.7829279,-10.1206,4.6760187
1614392439362,2.248224,-9.838076,4.233078
1614392439383,1.8579572,-9.692024,2.1931558
1614392439404,1.3527653,-10.733534,3.5554981
1614392439426,2.7031362,-10.518049,3.2897336
1614392439447,3.2610023,-9.1628895,2.473286
1614392439465,2.578634,-8.707977,1.9633054
1614392439488,2.7151077,-7.738296,0.7541966
1614392439540,1.7885233,-6.8907228,2.4158232
1614392439578,2.8563697,-6.797346,0.9529214
1614392439598,2.3296294,-7.944204,0.42139238
1614392439619,2.2099156,-7.6736507,0.8044763
1614392439639,2.1835787,-8.059129,2.1883671
1614392439662,2.2530127,-7.738296,2.1740015
1614392439696,1.9656997,-6.7063637,0.5123748
1614392439758,1.9489397,-5.978504,-0.24900457
1614392439778,2.308081,-7.7502675,0.43336374
1614392439806,4.5012364,-14.595499,1.3479767
1614392439831,2.588211,-15.304205,1.8938714
1614392439855,1.5778271,-13.999325,2.648068
1614392439900,1.1061549,-11.320131,2.300898
1614392439920,0.68236834,-7.632948,1.6927522
1614392439935,0.14844504,-4.7598186,2.1069617
1614392439950,0.34477556,-3.9361877,0.5243462
1614392439961,1.0917894,-4.7167215,-1.0008069
1614392439968,0.54828894,-4.9202347,-1.5514901
1614392439983,-0.20111908,-3.1556542,-1.4078336
1614392439989,-1.2953026,-2.8635526,-0.2944958
1614392440000,3.232271,-28.400888,2.6337023
1614392440005,6.466936,-33.596462,5.691191
1614392440009,1.1253091,-17.226807,-0.03351985
1614392440018,-1.1061549,-7.003254,-5.2674046
1614392440028,-0.15802214,-5.403878,-3.7135203
1614392440044,0.88588166,-8.008849,0.49800915
1614392440048,0.61293435,-10.364816,2.1716073
1614392440057,-0.15562786,-10.790997,2.6552508
1614392440068,-0.62251145,-9.692024,2.1332989
1614392440083,0.11492519,-9.296969,1.5107874
1614392440101,0.65842557,-9.522031,0.87630457
1614392440123,0.9888355,-10.336084,-2.3296294
1614392440143,0.6943397,-10.348056,-3.1077688
1614392440161,0.95531565,-9.905115,0.7398309
1614392440181,1.0199611,-9.718362,1.6831752
1614392440203,0.888276,-9.586677,0.66800267
1614392440221,0.9577099,-9.715967,-0.2681588
1614392440241,0.90024734,-9.914692,-0.05985687
1614392440262,0.94095,-9.955395,0.6105401
1614392440282,0.8930645,-9.826104,0.66800267
1614392440302,0.9026416,-9.818921,0.41181526
1614392440322,0.7350424,-9.8237095,0.23463893
1614392440341,0.71828246,-9.797373,0.17957062
1614392440360,0.65842557,-9.799767,0.031125572
1614392440382,0.70631105,-9.909904,-0.07422252
1614392440401,0.6368771,-10.005674,-0.102953814
1614392440421,0.4189981,-9.893144,-0.011971374
1614392440443,0.56744313,-9.876384,0.14844504
1614392440462,0.72546524,-9.976943,0.14605077
1614392440483,0.6895511,-10.072714,0.2681588
1614392440502,0.73743665,-10.005674,0.43575802
1614392440521,0.75659084,-9.931452,0.45491222
1614392440541,0.7326481,-9.847652,0.3232271
1614392440563,0.74701375,-9.7135725,0.21309046
1614392440583,0.8547561,-9.471751,0.2681588
1614392440602,1.0199611,-9.648928,0.3974496
1614392440623,1.0151725,-9.828498,0.2083019
1614392440641,0.80687064,-9.900327,0.2466103
1614392440662,0.67757976,-9.885961,0.33519846
1614392440683,0.58420306,-9.869201,0.23224466
1614392440702,0.10055954,-9.732727,0.2466103
1614392440722,0.13168511,-9.80695,0.21069619
1614392440743,-0.17238778,-9.703996,0.19393626
1614392440762,-0.16759923,-9.883567,0.04070267
1614392440781,-0.24900457,-10.032011,-0.031125572
1614392440804,-0.37111259,-10.079897,0.105348095
1614392440822,-0.31843856,-9.931452,0.26097596
1614392440842,-0.05506832,-9.720756,0.3304099
1614392440863,0.19154198,-9.732727,0.2083019
1614392440881,0.27055305,-9.876384,0.071828246
1614392440902,0.21309046,-9.838076,-0.05027977
1614392440923,0.23224466,-9.811738,-0.05506832
1614392440942,0.2083019,-9.964972,-0.011971374
1614392440963,0.023942748,-10.000886,-0.14844504
1614392440983,0.083799616,-9.921875,-0.34477556
1614392441003,0.3040729,-9.818921,-0.15083931
1614392441021,0.34956414,-9.941029,0.0
1614392441042,0.22027329,-9.96976,-0.21787901
1614392441061,0.1699935,-9.866806,0.0071828244
1614392441080,0.1699935,-9.895537,0.057462595
1614392441102,0.28970724,-9.751882,-0.0071828244
1614392441123,0.34716985,-9.818921,0.098165266
1614392441148,0.2777359,-10.079897,-0.011971374
1614392441166,0.18675344,-9.96976,-0.13168511
1614392441186,0.23942748,-9.857229,-0.105348095
1614392441202,0.21787901,-9.833286,0.011971374
1614392441223,0.12210801,-9.866806,-0.047885496
1614392441243,0.083799616,-9.852441,-0.102953814
1614392441263,0.13886794,-9.895537,-0.062251143
1614392441285,0.13168511,-10.005674,-0.09577099
1614392441304,0.19154198,-9.864412,-0.14126222
1614392441322,0.28970724,-9.754275,0.035914123
1614392441343,0.42618093,-9.93624,0.06464542
1614392441362,0.36392978,-9.914692,-0.08858817
1614392441383,0.40223816,-9.809344,-0.05985687
1614392441405,0.38547826,-9.8787775,0.023942748
1614392441422,0.339987,-9.869201,-0.016759925
1614392441445,0.36632404,-9.826104,-0.047885496
1614392441463,0.42378664,-9.869201,0.023942748
1614392441482,0.32083282,-9.98652,-0.05027977
1614392441501,0.28252444,-9.885961,-0.098165266
1614392441523,0.34716985,-9.857229,-0.035914123
1614392441542,0.38787252,-9.907509,-0.05027977
1614392441562,0.34477556,-9.950606,-0.11253092
1614392441583,0.34716985,-9.909904,-0.06943397
1614392441602,0.3902668,-9.912297,-0.0047885496
1614392441622,0.3040729,-9.93624,0.04070267
1614392441643,0.2083019,-9.869201,-0.023942748
1614392441663,0.24421602,-9.888355,-0.009577099
1614392441682,0.2777359,-9.840469,0.045491222
1614392441703,0.339987,-9.931452,0.057462595
1614392441724,0.33519846,-9.897932,-0.014365649
1614392441742,0.36632404,-9.890749,0.05027977
1614392441764,0.36632404,-9.826104,0.083799616
1614392441783,0.38308397,-9.864412,0.045491222
1614392441802,0.4189981,-9.864412,0.0023942748
1614392441824,0.38787252,-9.828498,0.08619389
1614392441843,0.32801566,-9.91948,0.08140534
1614392441862,0.28013015,-9.941029,-0.016759925
1614392441883,0.31604427,-9.8237095,0.038308397
1614392441902,0.44533512,-9.80695,0.05985687
1614392441923,0.4668836,-9.850046,0.0023942748
1614392441943,0.45251793,-10.0200405,-0.031125572
1614392441962,0.31843856,-9.991309,-0.031125572
1614392441983,0.2944958,-9.780613,0.014365649
1614392442004,0.339987,-9.847652,0.052674048
1614392442023,0.37590113,-9.900327,-0.05027977
1614392442043,0.35674694,-9.924269,-0.05506832
1614392442064,0.26337022,-9.921875,0.009577099
1614392442082,0.25379312,-9.840469,-0.0071828244
1614392442102,0.36632404,-9.881172,-0.014365649
1614392442124,0.32801566,-9.912297,0.0023942748
1614392442142,0.29928434,-9.876384,-0.04070267
1614392442164,0.2944958,-9.838076,-0.009577099
1614392442183,0.35435268,-9.885961,0.047885496
1614392442203,0.3232271,-9.905115,0.009577099
1614392442222,0.20351335,-9.933846,0.0
1614392442244,0.20590763,-9.8787775,-0.009577099
1614392442263,0.2777359,-9.809344,0.035914123
1614392442283,0.4668836,-9.917087,0.026337024
1614392442302,0.3902668,-9.914692,-0.05027977
1614392442322,0.40223816,-9.8787775,0.0047885496
1614392442342,0.42618093,-9.828498,0.062251143
1614392442363,0.43096948,-9.883567,0.028731298
1614392442382,0.3232271,-9.905115,-0.023942748
1614392442401,0.32801566,-9.885961,0.062251143
1614392442424,0.38547826,-9.876384,0.14365649
1614392442443,0.35674694,-9.917087,0.019154198
1614392442463,0.33759275,-9.914692,-0.016759925
1614392442485,0.33759275,-9.866806,0.043096945
1614392442504,0.3615355,-9.8237095,-0.0047885496
1614392442523,0.409421,-9.859624,0.031125572
1614392442544,0.35674694,-9.933846,0.043096945
1614392442563,0.3040729,-9.895537,0.043096945
1614392442583,0.3615355,-9.866806,0.04070267
1614392442604,0.43815228,-9.873989,0.05506832
1614392442623,0.38068968,-9.948212,0.047885496
1614392442643,0.2561874,-9.909904,0.011971374
1614392442665,0.30167863,-9.828498,0.05506832
1614392442683,0.4070267,-9.847652,0.05027977
1614392442703,0.41181526,-9.924269,-0.016759925
1614392442724,0.32801566,-9.926663,-0.035914123
1614392442743,0.36632404,-9.873989,0.05506832
1614392442763,0.38068968,-9.862018,0.05027977
1614392442784,0.32562137,-9.909904,-0.009577099
1614392442805,0.27055305,-9.862018,0.0071828244
1614392442827,0.32562137,-9.866806,0.043096945
1614392442847,0.39266106,-9.895537,0.04070267
1614392442864,0.3328042,-9.926663,0.021548472
1614392442884,0.31125572,-9.897932,-0.009577099
1614392442905,0.39266106,-9.866806,0.0023942748
1614392442925,0.41420954,-9.885961,0.038308397
1614392442944,0.31604427,-9.931452,0.038308397
1614392442968,0.28970724,-9.864412,-0.0023942748
1614392442984,0.339987,-9.826104,0.014365649
1614392443004,0.43336374,-9.883567,0.05985687
1614392443025,0.35435268,-9.960183,0.05985687
1614392443044,0.30886146,-9.857229,0.028731298
1614392443064,0.37350687,-9.8237095,0.07901107
1614392443085,0.45251793,-9.826104,0.062251143
1614392443104,0.37590113,-9.926663,0.026337024
1614392443123,0.27055305,-9.941029,0.03351985
1614392443145,0.3423813,-9.842864,0.11013664
1614392443164,0.43096948,-9.852441,0.105348095
1614392443183,0.39266106,-9.917087,0.03351985
1614392443204,0.34477556,-9.862018,0.016759925
1614392443224,0.36632404,-9.885961,0.05506832
1614392443244,0.38308397,-9.907509,0.071828246
1614392443265,0.3040729,-9.93624,0.05027977
1614392443284,0.28731298,-9.864412,0.04070267
1614392443304,0.38068968,-9.8237095,0.08858817
1614392443324,0.41181526,-9.838076,0.07901107
1614392443343,0.34477556,-9.96976,0.047885496
1614392443363,0.25858167,-9.893144,0.0
1614392443385,0.37350687,-9.845258,0.06943397
1614392443405,0.45970076,-9.862018,0.05985687
1614392443423,0.38547826,-9.91948,0.04070267
1614392443444,0.33759275,-9.90272,0.04070267
1614392443463,0.39505535,-9.8787775,0.076616794
1614392443484,0.3998439,-9.921875,0.043096945
1614392443506,0.36871833,-9.866806,0.0047885496
1614392443524,0.3902668,-9.821315,0.062251143
1614392443544,0.45730647,-9.850046,0.062251143
1614392443565,0.40223816,-9.909904,0.071828246
1614392443584,0.28970724,-9.945818,0.08619389
1614392443604,0.25858167,-9.921875,0.06943397
1614392443626,0.44533512,-9.804555,0.047885496
1614392443643,0.5027977,-9.821315,0.09337672
1614392443664,0.41181526,-9.933846,0.038308397
1614392443686,0.339987,-9.933846,0.026337024
1614392443703,0.39505535,-9.828498,0.083799616
1614392443723,0.43815228,-9.873989,0.0670397
1614392443744,0.38068968,-9.871595,0.09337672
1614392443764,0.33759275,-9.897932,0.057462595
1614392443783,0.39505535,-9.859624,0.090982445
1614392443805,0.42618093,-9.914692,0.0670397
1614392443823,0.38787252,-9.914692,0.043096945
1614392443844,0.44054657,-9.845258,0.076616794
1614392443866,0.49800915,-9.888355,0.12689656
1614392443885,0.40463245,-9.890749,0.102953814
1614392443904,0.34956414,-9.873989,0.021548472
1614392443926,0.36871833,-9.883567,0.057462595
1614392443944,0.38068968,-9.893144,0.06464542
1614392443964,0.37350687,-9.866806,0.016759925
1614392443986,0.4166038,-9.8787775,0.035914123
1614392444006,0.409421,-9.890749,0.06943397
1614392444026,0.38787252,-9.897932,0.08619389
1614392444047,0.3615355,-9.888355,0.047885496
1614392444064,0.40463245,-9.830893,0.08619389
1614392444084,0.43336374,-9.842864,0.05506832
1614392444104,0.44772938,-9.869201,0.0670397
1614392444124,0.39266106,-9.90272,0.076616794
1614392444146,0.41420954,-9.883567,0.083799616
1614392444166,0.39505535,-9.866806,0.08619389
1614392444184,0.37590113,-9.921875,0.07901107
1614392444204,0.4189981,-9.885961,0.045491222
1614392444225,0.44294083,-9.914692,0.05027977
1614392444244,0.45012367,-9.883567,0.08858817
1614392444263,0.44772938,-9.838076,0.071828246
1614392444285,0.5219519,-9.869201,0.076616794
1614392444304,0.45251793,-9.914692,0.13168511
1614392444325,0.43336374,-9.842864,0.07901107
1614392444345,0.4644893,-9.828498,0.098165266
1614392444364,0.4644893,-9.883567,0.11253092
1614392444383,0.4070267,-9.967366,0.047885496
1614392444404,0.37350687,-9.909904,0.043096945
1614392444423,0.45491222,-9.833286,0.11013664
1614392444444,0.50758624,-9.859624,0.09577099
1614392444466,0.44533512,-9.90272,0.12450229
1614392444485,0.4166038,-9.873989,0.13647367
1614392444505,0.45730647,-9.857229,0.09577099
1614392444527,0.5027977,-9.888355,0.07422252
1614392444546,0.45012367,-9.912297,0.06943397
1614392444564,0.44294083,-9.876384,0.062251143
1614392444586,0.48124924,-9.821315,0.08858817
1614392444607,0.505192,-9.897932,0.076616794
1614392444625,0.41181526,-9.926663,0.05027977
1614392444647,0.43336374,-9.871595,0.102953814
1614392444664,0.47885495,-9.866806,0.12450229
1614392444684,0.50040346,-9.8548355,0.08619389
1614392444705,0.44772938,-9.859624,0.09337672
1614392444725,0.41420954,-9.881172,0.117319465
1614392444745,0.43096948,-9.8787775,0.12450229
1614392444766,0.45970076,-9.866806,0.098165266
1614392444785,0.47885495,-9.876384,0.076616794
1614392444804,0.4860378,-9.881172,0.098165266
1614392444825,0.45012367,-9.881172,0.057462595
1614392444844,0.46209505,-9.871595,0.071828246
1614392444864,0.49800915,-9.873989,0.11971374
1614392444886,0.46927786,-9.912297,0.09577099
1614392444904,0.45491222,-9.8787775,0.09577099
1614392444924,0.44533512,-9.847652,0.08858817
1614392444945,0.4764607,-9.830893,0.102953814
1614392444964,0.46927786,-9.897932,0.11013664
1614392444984,0.43336374,-9.91948,0.052674048
1614392445005,0.48124924,-9.862018,0.05985687
1614392445024,0.5243462,-9.818921,0.076616794
1614392445044,0.531529,-9.873989,0.098165266
1614392445065,0.44772938,-9.8787775,0.083799616
1614392445086,0.46927786,-9.862018,0.090982445
1614392445106,0.48124924,-9.871595,0.14126222
1614392445126,0.4644893,-9.8787775,0.083799616
1614392445147,0.47885495,-9.871595,0.090982445
1614392445166,0.51716334,-9.833286,0.090982445
1614392445188,0.49082634,-9.931452,0.0670397
1614392445206,0.43575802,-9.924269,0.026337024
1614392445226,0.45970076,-9.847652,0.14605077
1614392445249,0.531529,-9.818921,0.10774237
1614392445268,0.5506832,-9.8548355,0.076616794
1614392445287,0.4668836,-9.926663,0.08619389
1614392445308,0.38068968,-9.895537,0.105348095
1614392445327,0.3974496,-9.842864,0.10055954
1614392445347,0.45012367,-9.859624,0.102953814
1614392445369,0.49082634,-9.888355,0.05506832
1614392445388,0.50040346,-9.869201,0.0670397
1614392445407,0.53392327,-9.866806,0.11971374
1614392445429,0.505192,-9.890749,0.06464542
1614392445447,0.45251793,-9.914692,0.05506832
1614392445468,0.47167215,-9.857229,0.14844504
1614392445488,0.4932206,-9.883567,0.09577099
1614392445507,0.45251793,-9.895537,0.07422252
1614392445527,0.43336374,-9.8787775,0.09337672
1614392445547,0.45970076,-9.859624,0.102953814
1614392445567,0.4836435,-9.840469,0.098165266
1614392445587,0.49800915,-9.876384,0.06943397
1614392445607,0.42618093,-9.909904,0.08619389
1614392445626,0.4070267,-9.883567,0.11492519
1614392445645,0.44772938,-9.847652,0.09337672
1614392445668,0.4764607,-9.871595,0.09577099
1614392445686,0.47167215,-9.893144,0.071828246
1614392445706,0.409421,-9.905115,0.05506832
1614392445728,0.44772938,-9.8787775,0.083799616
1614392445747,0.46209505,-9.862018,0.1340794
1614392445767,0.50040346,-9.893144,0.076616794
1614392445789,0.44533512,-9.924269,0.05985687
1614392445807,0.41181526,-9.873989,0.10774237
1614392445828,0.43336374,-9.842864,0.117319465
1614392445849,0.4740664,-9.847652,0.083799616
1614392445869,0.49082634,-9.893144,0.03351985
1614392445887,0.4644893,-9.881172,0.11492519
1614392445907,0.43336374,-9.885961,0.090982445
1614392445927,0.45251793,-9.881172,0.047885496
1614392445946,0.45012367,-9.876384,0.11013664
1614392445968,0.47167215,-9.850046,0.13647367
1614392445986,0.50758624,-9.900327,0.045491222
1614392446007,0.49800915,-9.876384,0.071828246
1614392446028,0.5147691,-9.873989,0.12689656
1614392446047,0.4740664,-9.921875,0.0670397
1614392446066,0.44533512,-9.840469,0.026337024
1614392446087,0.46927786,-9.826104,0.13647367
1614392446107,0.5027977,-9.8548355,0.10055954
1614392446125,0.44054657,-9.905115,0.06464542
1614392446147,0.37590113,-9.924269,0.06464542
1614392446167,0.43815228,-9.8787775,0.0670397
1614392446187,0.4644893,-9.842864,0.11971374
1614392446209,0.48843205,-9.893144,0.05985687
1614392446227,0.41181526,-9.967366,0.071828246
1614392446247,0.39505535,-9.871595,0.117319465
1614392446268,0.44533512,-9.8548355,0.11253092
1614392446288,0.5027977,-9.881172,0.038308397
1614392446307,0.44294083,-9.921875,0.11492519
1614392446328,0.38308397,-9.883567,0.102953814
1614392446348,0.43575802,-9.852441,0.11013664
1614392446367,0.52674043,-9.857229,0.10774237
1614392446389,0.5123748,-9.931452,0.09337672
1614392446408,0.3615355,-9.921875,0.12450229
1614392446427,0.40463245,-9.845258,0.17717634
1614392446449,0.5147691,-9.794978,0.14126222
1614392446468,0.5506832,-9.873989,0.11971374
1614392446488,0.531529,-9.909904,0.11013664
1614392446510,0.4668836,-9.871595,0.16759923
1614392446528,0.44772938,-9.869201,0.13168511
1614392446548,0.47167215,-9.895537,0.15323359
1614392446571,0.41420954,-9.905115,0.05985687
1614392446589,0.42618093,-9.840469,0.117319465
1614392446609,0.50998056,-9.881172,0.09577099
1614392446629,0.48843205,-9.866806,0.076616794
1614392446648,0.45970076,-9.881172,0.08619389
1614392446667,0.45251793,-9.871595,0.098165266
1614392446689,0.43336374,-9.8548355,0.090982445
1614392446708,0.41420954,-9.885961,0.13168511
1614392446728,0.44294083,-9.885961,0.12929083
1614392446748,0.43815228,-9.929058,0.07901107
1614392446768,0.42618093,-9.8787775,0.03351985
1614392446788,0.46209505,-9.845258,0.11492519
1614392446808,0.51955765,-9.8787775,0.090982445
1614392446827,0.44533512,-9.912297,0.06943397
1614392446848,0.4070267,-9.893144,0.083799616
1614392446870,0.43575802,-9.866806,0.117319465
1614392446888,0.43336374,-9.876384,0.08619389
1614392446909,0.40223816,-9.893144,0.062251143
1614392446930,0.45970076,-9.876384,0.10774237
1614392446948,0.44054657,-9.864412,0.076616794
1614392446969,0.46209505,-9.859624,0.071828246
1614392446989,0.4860378,-9.888355,0.12450229
1614392447007,0.46209505,-9.912297,0.09337672
1614392447027,0.42139238,-9.873989,0.0670397
1614392447048,0.43336374,-9.840469,0.11013664
1614392447068,0.44054657,-9.859624,0.06943397
1614392447089,0.4740664,-9.857229,0.09337672
1614392447108,0.48843205,-9.862018,0.090982445
1614392447128,0.44054657,-9.91948,0.06464542
1614392447150,0.36632404,-9.888355,0.07901107
1614392447168,0.41420954,-9.830893,0.10055954
1614392447187,0.4668836,-9.852441,0.07422252
1614392447207,0.46209505,-9.90272,0.04070267
1614392447228,0.41420954,-9.890749,0.06464542
1614392447247,0.42139238,-9.864412,0.06943397
1614392447266,0.44054657,-9.888355,0.05985687
1614392447291,0.38787252,-9.921875,0.0670397
1614392447307,0.3998439,-9.900327,0.083799616
1614392447328,0.44294083,-9.869201,0.031125572
1614392447349,0.42618093,-9.847652,0.09337672
1614392447368,0.36871833,-9.873989,0.08140534
1614392447388,0.37590113,-9.897932,0.038308397
1614392447409,0.42139238,-9.890749,0.07422252
1614392447428,0.44533512,-9.8787775,0.076616794
1614392447447,0.3902668,-9.845258,0.1340794
1614392447468,0.4285752,-9.845258,0.083799616
1614392447487,0.4189981,-9.929058,0.05985687
1614392447507,0.38547826,-9.905115,0.062251143
1614392447528,0.40223816,-9.833286,0.09577099
1614392447547,0.4166038,-9.8787775,0.117319465
1614392447567,0.43815228,-9.90272,0.057462595
1614392447588,0.3998439,-9.938635,0.05027977
1614392447607,0.40223816,-9.840469,0.102953814
1614392447627,0.4956149,-9.895537,0.12929083
1614392447649,0.50040346,-9.864412,0.07422252
1614392447668,0.46927786,-9.8787775,0.10055954
1614392447690,0.45491222,-9.90272,0.11013664
1614392447708,0.4644893,-9.857229,0.08619389
1614392447728,0.4644893,-9.833286,0.117319465
1614392447748,0.4189981,-9.883567,0.10774237
1614392447769,0.3998439,-9.885961,0.07901107
1614392447787,0.45491222,-9.866806,0.076616794
1614392447807,0.50040346,-9.828498,0.06943397
1614392447829,0.5243462,-9.907509,0.0670397
1614392447848,0.4166038,-9.926663,0.05027977
1614392447868,0.42139238,-9.885961,0.09337672
1614392447889,0.44054657,-9.850046,0.07901107
1614392447908,0.4764607,-9.885961,0.08858817
1614392447927,0.42618093,-9.900327,0.05027977
1614392447949,0.45491222,-9.883567,0.05985687
1614392447967,0.44054657,-9.866806,0.0670397
1614392447987,0.42378664,-9.907509,0.05027977
1614392448008,0.42139238,-9.900327,0.04070267
1614392448029,0.4070267,-9.897932,0.06943397
1614392448049,0.40463245,-9.838076,0.10055954
1614392448069,0.44533512,-9.847652,0.08140534
1614392448089,0.45970076,-9.866806,0.098165266
1614392448109,0.42618093,-9.957788,0.062251143
1614392448130,0.3519584,-9.895537,0.05506832
1614392448150,0.409421,-9.835681,0.12210801
1614392448169,0.4860378,-9.840469,0.08858817
1614392448190,0.4860378,-9.91948,0.043096945
1614392448207,0.44533512,-9.948212,0.071828246
1614392448226,0.43575802,-9.862018,0.03351985
1614392448249,0.45491222,-9.847652,0.12210801
1614392448269,0.42618093,-9.900327,0.10774237
1614392448289,0.3615355,-9.895537,0.038308397
1614392448309,0.44772938,-9.893144,0.05506832
1614392448329,0.50040346,-9.864412,0.07901107
1614392448349,0.44533512,-9.859624,0.05506832
1614392448369,0.37590113,-9.890749,0.105348095
1614392448388,0.37590113,-9.862018,0.062251143
1614392448407,0.42139238,-9.864412,0.071828246
1614392448429,0.4189981,-9.929058,0.071828246
1614392448447,0.41420954,-9.8787775,0.09577099
1614392448467,0.45012367,-9.852441,0.062251143
1614392448489,0.47167215,-9.862018,0.09577099
1614392448507,0.45491222,-9.876384,-0.019154198
1614392448527,0.44294083,-9.90272,0.071828246
1614392448549,0.44533512,-9.883567,0.08619389
1614392448568,0.41420954,-9.888355,0.06943397
1614392448590,0.42378664,-9.885961,0.071828246
1614392448611,0.4070267,-9.881172,0.08140534
1614392448629,0.44294083,-9.873989,0.06464542
1614392448649,0.46209505,-9.852441,0.10774237
1614392448670,0.4285752,-9.907509,0.06943397
1614392448689,0.34477556,-9.926663,0.021548472
1614392448709,0.3974496,-9.888355,0.0670397
1614392448730,0.50040346,-9.821315,0.09337672
1614392448749,0.46927786,-9.869201,0.102953814
1614392448768,0.38068968,-9.893144,0.11013664
1614392448790,0.3902668,-9.8787775,0.07901107
1614392448808,0.4644893,-9.859624,0.11253092
1614392448828,0.4860378,-9.847652,0.102953814
1614392448849,0.48124924,-9.890749,0.09577099
1614392448868,0.409421,-9.926663,0.10055954
1614392448889,0.4285752,-9.871595,0.057462595
1614392448911,0.44772938,-9.811738,0.08858817
1614392448931,0.4860378,-9.888355,0.11971374
1614392448949,0.44772938,-9.933846,0.11013664
1614392448971,0.38547826,-9.871595,0.10774237
1614392448990,0.40223816,-9.850046,0.102953814
1614392449009,0.45491222,-9.852441,0.08140534
1614392449030,0.43096948,-9.921875,0.08858817
1614392449048,0.39505535,-9.91948,0.08140534
1614392449069,0.45491222,-9.873989,0.038308397
1614392449090,0.49800915,-9.840469,0.098165266
1614392449109,0.48124924,-9.885961,0.12210801
1614392449128,0.35674694,-9.931452,0.05027977
1614392449149,0.38308397,-9.888355,0.062251143
1614392449170,0.4189981,-9.869201,0.12689656
1614392449191,0.41420954,-9.905115,0.023942748
1614392449211,0.4166038,-9.876384,0.07901107
1614392449228,0.43815228,-9.850046,0.09577099
1614392449248,0.4644893,-9.873989,0.08858817
1614392449268,0.409421,-9.857229,0.11492519
1614392449287,0.3902668,-9.921875,0.117319465
1614392449307,0.41420954,-9.873989,0.0670397
1614392449330,0.4166038,-9.8548355,0.06943397
1614392449349,0.45012367,-9.8548355,0.105348095
1614392449370,0.45251793,-9.888355,0.045491222
1614392449394,0.44533512,-9.905115,0.05027977
1614392449419,0.41420954,-9.912297,0.090982445
1614392449435,0.36632404,-9.8548355,0.117319465
1614392449449,0.42618093,-9.869201,0.12210801
1614392449469,0.42618093,-9.893144,0.098165266
1614392449490,0.42139238,-9.890749,0.05985687
1614392449516,0.44533512,-9.862018,0.071828246
1614392449530,0.48124924,-9.821315,0.08140534
1614392449548,0.4932206,-9.8787775,0.0670397
1614392449579,0.3998439,-9.888355,0.07422252
1614392449632,0.37829542,-9.866806,0.09577099
1614392449641,0.3902668,-9.869201,0.09337672
1614392449652,0.43096948,-9.888355,0.05985687
1614392449660,0.4166038,-9.885961,0.076616794
1614392449671,0.41420954,-9.873989,0.071828246
1614392449688,0.4189981,-9.909904,0.05027977
1614392449709,0.44294083,-9.907509,0.052674048
1614392449729,0.43336374,-9.873989,0.07422252
1614392449748,0.4189981,-9.876384,0.09577099
1614392449767,0.409421,-9.893144,0.10055954
1614392449787,0.43815228,-9.862018,0.098165266
1614392449809,0.409421,-9.912297,0.071828246
1614392449828,0.3998439,-9.897932,0.0670397
1614392449847,0.43336374,-9.857229,0.07422252
1614392449869,0.45970076,-9.847652,0.117319465
1614392449887,0.4285752,-9.91948,0.076616794
1614392449907,0.339987,-9.90272,0.047885496
1614392449928,0.38787252,-9.8548355,0.102953814
1614392449950,0.42618093,-9.866806,0.076616794
1614392449971,0.42378664,-9.912297,0.052674048
1614392449992,0.37590113,-9.909904,0.08140534
1614392450011,0.39266106,-9.826104,0.098165266
1614392450032,0.44533512,-9.850046,0.105348095
1614392450063,0.45491222,-9.890749,0.08858817
1614392450090,0.4070267,-9.91948,0.098165266
1614392450116,0.39505535,-9.881172,0.08858817
1614392450133,0.44533512,-9.850046,0.10774237
1614392450154,0.50758624,-9.873989,0.13168511
1614392450172,0.47167215,-9.914692,0.09577099
1614392450189,0.42618093,-9.907509,0.043096945
1614392450208,0.43815228,-9.833286,0.12450229
1614392450226,0.48124924,-9.890749,0.12689656
1614392450249,0.3902668,-9.914692,0.05985687
1614392450262,0.43815228,-9.876384,0.07901107
1614392450288,0.49082634,-9.883567,0.14126222
1614392450313,0.46927786,-9.885961,0.08619389
1614392450334,0.45251793,-9.852441,0.10774237
1614392450347,0.45012367,-9.852441,0.15562786
1614392450363,0.4740664,-9.890749,0.071828246
1614392450374,0.42378664,-9.909904,0.07422252
1614392450387,0.43096948,-9.862018,0.12210801
1614392450408,0.44772938,-9.8548355,0.098165266
1614392450427,0.4644893,-9.885961,0.117319465
1614392450447,0.44294083,-9.895537,0.083799616
1614392450468,0.47167215,-9.888355,0.07422252
1614392450487,0.48124924,-9.873989,0.117319465
1614392450507,0.4860378,-9.8787775,0.12929083
1614392450528,0.45491222,-9.857229,0.07422252
1614392450546,0.42378664,-9.883567,0.08619389
1614392450567,0.39505535,-9.883567,0.11253092
1614392450589,0.4189981,-9.876384,0.105348095
1614392450607,0.4668836,-9.842864,0.09337672
1614392450627,0.5243462,-9.869201,0.090982445
1614392450649,0.4668836,-9.91948,0.12210801
1614392450668,0.4764607,-9.8548355,0.09337672
1614392450688,0.4956149,-9.900327,0.14605077
1614392450709,0.43336374,-9.900327,0.09337672
1614392450728,0.4189981,-9.852441,0.11253092
1614392450748,0.4836435,-9.885961,0.1340794
1614392450770,0.47885495,-9.873989,0.09577099
1614392450789,0.4764607,-9.885961,0.15083931
1614392450809,0.46927786,-9.895537,0.12929083
1614392450829,0.45730647,-9.869201,0.07422252
1614392450849,0.43815228,-9.857229,0.090982445
1614392450869,0.49082634,-9.864412,0.14126222
1614392450889,0.4668836,-9.857229,0.14844504
1614392450909,0.47167215,-9.917087,0.12210801
1614392450929,0.4740664,-9.888355,0.076616794
1614392450950,0.48124924,-9.890749,0.11013664
1614392450969,0.47167215,-9.885961,0.13168511
1614392450990,0.44772938,-9.8548355,0.08858817
1614392451011,0.46927786,-9.869201,0.10055954
1614392451029,0.46209505,-9.873989,0.08619389
1614392451048,0.38068968,-9.917087,0.10774237
1614392451070,0.4189981,-9.857229,0.10055954
1614392451090,0.46209505,-9.857229,0.117319465
1614392451110,0.51955765,-9.895537,0.06943397
1614392451129,0.45012367,-9.8787775,0.102953814
1614392451149,0.4644893,-9.912297,0.11013664
1614392451170,0.45012367,-9.859624,0.098165266
1614392451191,0.45251793,-9.885961,0.10774237
1614392451210,0.43096948,-9.864412,0.076616794
1614392451229,0.46209505,-9.871595,0.10774237
1614392451250,0.4740664,-9.900327,0.11971374
1614392451269,0.46209505,-9.852441,0.071828246
1614392451289,0.50040346,-9.876384,0.090982445
1614392451310,0.4956149,-9.890749,0.12689656
1614392451330,0.44772938,-9.888355,0.10055954
1614392451348,0.42618093,-9.893144,0.071828246
1614392451369,0.43336374,-9.871595,0.06464542
1614392451389,0.46209505,-9.871595,0.11492519
1614392451409,0.45730647,-9.883567,0.12450229
1614392451431,0.43815228,-9.893144,0.076616794
1614392451450,0.42139238,-9.881172,0.102953814
1614392451469,0.45012367,-9.840469,0.083799616
1614392451489,0.50758624,-9.80695,0.076616794
1614392451509,0.47885495,-9.8787775,0.102953814
1614392451528,0.4070267,-9.941029,0.05027977
1614392451549,0.37350687,-9.938635,0.06464542
1614392451570,0.38547826,-9.835681,0.098165266
1614392451589,0.49800915,-9.818921,0.10055954
1614392451610,0.46927786,-9.883567,0.08858817
1614392451629,0.41181526,-9.907509,0.07422252
1614392451648,0.38547826,-9.890749,0.09337672
1614392451672,0.43096948,-9.833286,0.062251143
1614392451689,0.45251793,-9.857229,0.090982445
1614392451708,0.41181526,-9.885961,0.090982445
1614392451729,0.3998439,-9.8787775,0.098165266
1614392451748,0.4166038,-9.866806,0.076616794
1614392451770,0.3974496,-9.90272,0.076616794
1614392451791,0.38308397,-9.876384,0.076616794
1614392451810,0.42139238,-9.830893,0.098165266
1614392451829,0.4956149,-9.8787775,0.062251143
1614392451850,0.43815228,-9.866806,0.08619389
1614392451870,0.40463245,-9.866806,0.10055954
1614392451890,0.41181526,-9.866806,0.12450229
1614392451912,0.4644893,-9.862018,0.08619389
1614392451929,0.4668836,-9.893144,0.05985687
1614392451949,0.42139238,-9.883567,0.083799616
1614392451971,0.45012367,-9.883567,0.09337672
1614392451989,0.44772938,-9.850046,0.076616794
1614392452010,0.45251793,-9.814133,0.076616794
1614392452030,0.4644893,-9.862018,0.117319465
1614392452049,0.42618093,-9.929058,0.083799616
1614392452069,0.37829542,-9.888355,0.07422252
1614392452090,0.45970076,-9.816526,0.05027977
1614392452112,0.5506832,-9.833286,0.076616794
1614392452134,0.46209505,-9.91948,0.11013664
1614392452153,0.32083282,-9.897932,0.023942748
1614392452169,0.37829542,-9.852441,0.08140534
1614392452189,0.4644893,-9.835681,0.11253092
1614392452211,0.44772938,-9.905115,0.105348095
1614392452230,0.37111259,-9.955395,0.11492519
1614392452252,0.38068968,-9.842864,0.08619389
1614392452273,0.5219519,-9.804555,0.076616794
1614392452292,0.4956149,-9.8787775,0.076616794
1614392452313,0.3974496,-9.893144,0.08140534
1614392452333,0.37590113,-9.895537,0.11492519
1614392452353,0.44533512,-9.826104,0.08140534
1614392452372,0.44772938,-9.888355,0.05027977
1614392452394,0.41420954,-9.893144,0.07422252
1614392452415,0.40463245,-9.912297,0.15083931
1614392452443,0.40223816,-9.8787775,0.11013664
1614392452457,0.44772938,-9.8548355,0.0670397
1614392452472,0.45491222,-9.871595,0.13647367
1614392452503,0.3998439,-9.885961,0.0670397
1614392452517,0.41181526,-9.850046,0.11253092
1614392452530,0.47167215,-9.866806,0.1340794
1614392452551,0.50040346,-9.905115,0.0670397
1614392452582,0.3998439,-9.91948,0.098165266
1614392452608,0.45491222,-9.842864,0.11971374
1614392452630,0.5219519,-9.833286,0.14605077
1614392452644,0.53392327,-9.869201,0.08858817
1614392452668,0.44294083,-9.893144,0.12210801
1614392452680,0.40463245,-9.881172,0.17717634
1614392452694,0.4166038,-9.890749,0.105348095
1614392452713,0.49082634,-9.873989,0.076616794
1614392452730,0.49800915,-9.864412,0.090982445
1614392452751,0.48843205,-9.864412,0.09577099
1614392452769,0.4764607,-9.876384,0.14605077
1614392452790,0.46927786,-9.883567,0.12450229
1614392452811,0.45970076,-9.869201,0.09577099
1614392452830,0.44772938,-9.907509,0.11013664
1614392452850,0.48843205,-9.876384,0.12450229
1614392452870,0.50998056,-9.842864,0.105348095
1614392452889,0.49082634,-9.907509,0.11492519
1614392452909,0.4668836,-9.876384,0.10055954
1614392452931,0.43815228,-9.876384,0.08858817
1614392452950,0.4764607,-9.859624,0.12450229
1614392452973,0.4764607,-9.885961,0.11253092
1614392452991,0.41420954,-9.881172,0.08619389
1614392453010,0.4070267,-9.890749,0.11253092
1614392453032,0.4644893,-9.866806,0.105348095
1614392453051,0.4932206,-9.852441,0.08858817
1614392453070,0.47885495,-9.897932,0.13647367
1614392453089,0.43575802,-9.912297,0.10774237
1614392453110,0.45491222,-9.881172,0.11013664
1614392453129,0.52913475,-9.862018,0.12929083
1614392453153,0.531529,-9.876384,0.13647367
1614392453171,0.505192,-9.921875,0.10774237
1614392453190,0.44772938,-9.929058,0.14126222
1614392453209,0.4836435,-9.864412,0.13886794
1614392453231,0.5219519,-9.873989,0.11971374
1614392453250,0.5411061,-9.857229,0.13168511
1614392453271,0.4860378,-9.907509,0.14126222
1614392453293,0.46927786,-9.876384,0.1340794
1614392453311,0.505192,-9.847652,0.07901107
1614392453330,0.49800915,-9.909904,0.09577099
1614392453351,0.42378664,-9.926663,0.10774237
1614392453370,0.44054657,-9.866806,0.12689656
1614392453389,0.48843205,-9.866806,0.117319465
1614392453411,0.50040346,-9.888355,0.10774237
1614392453430,0.45491222,-9.890749,0.090982445
1614392453450,0.48843205,-9.871595,0.14126222
1614392453470,0.54828894,-9.876384,0.14605077
1614392453489,0.4644893,-9.895537,0.102953814
1614392453511,0.44772938,-9.8787775,0.11013664
1614392453532,0.4836435,-9.871595,0.13647367
1614392453552,0.55307746,-9.871595,0.11013664
1614392453572,0.50998056,-9.890749,0.07901107
1614392453593,0.44772938,-9.890749,0.11013664
1614392453612,0.45251793,-9.852441,0.07422252
1614392453632,0.45012367,-9.900327,0.11492519
1614392453653,0.45491222,-9.893144,0.117319465
1614392453672,0.4668836,-9.885961,0.098165266
1614392453693,0.52913475,-9.876384,0.057462595
1614392453714,0.5411061,-9.888355,0.13886794
1614392453732,0.44533512,-9.895537,0.10774237
1614392453751,0.42139238,-9.847652,0.11971374
1614392453780,0.50040346,-9.8548355,0.105348095
1614392453803,0.531529,-9.864412,0.083799616
1614392453831,0.4860378,-9.957788,0.102953814
1614392453850,0.4285752,-9.871595,0.090982445
1614392453859,0.43575802,-9.809344,0.12210801
1614392453870,0.5147691,-9.847652,0.12929083
1614392453893,0.54350036,-9.883567,0.10774237
1614392453915,0.45730647,-9.931452,0.11253092
1614392453934,0.4166038,-9.91948,0.12689656
1614392453950,0.44054657,-9.850046,0.1340794
1614392453970,0.51955765,-9.814133,0.076616794
1614392454006,0.50998056,-9.864412,0.105348095
1614392454022,0.43575802,-9.924269,0.10055954
1614392454043,0.4285752,-9.924269,0.071828246
1614392454066,0.49800915,-9.8787775,0.12210801
1614392454081,0.50758624,-9.840469,0.090982445
1614392454093,0.4932206,-9.8787775,0.10055954
1614392454110,0.48843205,-9.895537,0.11492519
1614392454131,0.4860378,-9.895537,0.14365649
1614392454149,0.44294083,-9.857229,0.08619389
1614392454169,0.45730647,-9.893144,0.12689656
1614392454192,0.49082634,-9.890749,0.14605077
1614392454209,0.4836435,-9.885961,0.10774237
1614392454229,0.45730647,-9.917087,0.11971374
1614392454250,0.46927786,-9.859624,0.083799616
1614392454276,0.5027977,-9.8548355,0.090982445
1614392454288,0.44054657,-9.912297,0.11253092
1614392454317,0.4189981,-9.862018,0.090982445
1614392454330,0.45730647,-9.8548355,0.14126222
1614392454348,0.51955765,-9.8787775,0.14605077
1614392454374,0.45730647,-9.890749,0.12210801
1614392454389,0.45251793,-9.890749,0.098165266
1614392454410,0.52674043,-9.888355,0.11253092
1614392454429,0.531529,-9.862018,0.08619389
1614392454449,0.49082634,-9.900327,0.0670397
1614392454468,0.46927786,-9.888355,0.11492519
1614392454490,0.45970076,-9.883567,0.11253092
1614392454509,0.4764607,-9.830893,0.16520496
1614392454529,0.5243462,-9.864412,0.10774237
1614392454551,0.4956149,-9.862018,0.10055954
1614392454569,0.5147691,-9.883567,0.09577099
1614392454590,0.4644893,-9.857229,0.11971374
1614392454611,0.5147691,-9.869201,0.08858817
1614392454630,0.531529,-9.893144,0.045491222
1614392454649,0.4668836,-9.912297,0.05506832
1614392454671,0.4860378,-9.852441,0.13886794
1614392454690,0.55786604,-9.809344,0.16281068
1614392454709,0.58420306,-9.885961,0.12450229
1614392454732,0.54350036,-9.871595,0.16759923
1614392454749,0.5794145,-9.873989,0.19154198
1614392454769,0.53392327,-9.91948,0.22745611
1614392454790,0.5411061,-9.914692,0.18675344
1614392454810,0.531529,-9.835681,0.12689656
1614392454830,0.58420306,-9.881172,0.18196489
1614392454852,0.54828894,-9.8787775,0.14126222
1614392454869,0.62251145,-9.842864,0.32801566
1614392454889,0.89067024,-10.008069,0.011971374
1614392454911,0.35674694,-9.80695,-0.15323359
1614392454930,0.53392327,-9.914692,0.37590113
1614392454950,0.2561874,-9.8787775,0.009577099
1614392454971,0.2681588,-9.957788,-0.028731298
1614392454989,0.24900457,-9.924269,0.038308397
1614392455010,0.22027329,-9.888355,-0.05506832
1614392455031,0.18675344,-9.921875,-0.105348095
1614392455049,0.14605077,-9.883567,-0.03351985
1614392455070,0.038308397,-10.089474,0.011971374
1614392455091,0.24421602,-10.690437,0.08619389
1614392455110,0.15802214,-9.725544,-0.05027977
1614392455130,0.1699935,-8.856422,0.07901107
1614392455150,0.17478207,-9.909904,0.5219519
1614392455170,0.339987,-10.352844,-0.0023942748
1614392455192,0.2753416,-9.996098,-0.29928434
1614392455212,0.27055305,-9.905115,0.16281068
1614392455231,0.4189981,-9.531608,0.37111259
1614392455251,0.7302538,-9.797373,0.34956414
1614392455272,0.14605077,-9.883567,0.15802214
1614392455291,0.21787901,-10.343267,0.29689008
1614392455310,-0.3040729,-7.21395,0.3423813
1614392455331,3.050306,-12.062357,-0.3519584
1614392455350,1.2474172,-11.494913,-0.3328042
1614392455370,-1.5179702,-8.396722,-0.0670397
1614392455392,-0.16041641,-7.759845,-0.5219519
1614392455411,-0.44054657,-12.550789,1.4964218
1614392455431,0.86193895,-11.660118,-0.31125572
1614392455452,0.4189981,-8.542772,0.038308397
1614392455471,-0.47885495,-8.514041,1.0343267
1614392455493,-0.23224466,-9.560339,1.1205206
1614392455511,0.11971374,-9.73991,0.81644773
1614392455531,-0.25379312,-9.780613,0.9601042
1614392455551,0.37829542,-9.98652,1.1875603
1614392455571,0.25139886,-9.732727,0.69912827
1614392455590,0.51716334,-10.187639,-0.71588814
1614392455611,0.64166564,-10.321719,-0.8356019
1614392455632,0.14365649,-9.91948,0.71588814
1614392455650,-0.36392978,-9.510059,-0.8667275
1614392455670,0.35435268,-9.962578,-0.6177229
1614392455693,0.38308397,-9.77343,0.7733508
1614392455710,1.0008069,-10.884374,0.7541966
1614392455730,0.22745611,-9.711179,-0.38308397
1614392455752,-0.2753416,-9.438231,-0.5698374
1614392455771,-0.11253092,-9.462174,-0.18675344
1614392455791,-1.0558752,-8.40151,-0.18196489
1614392455812,-0.84996754,-10.652128,0.6368771
1614392455831,1.0151725,-10.534809,1.4126221
1614392455851,1.0798179,-9.90272,1.8938714
1614392455872,0.8571504,-9.737515,0.68715686
1614392455891,1.3024855,-9.993703,-1.5802214
1614392455911,0.6201172,-10.012857,-2.4254005
1614392455932,0.7829279,-9.119793,0.818842
1614392455951,1.1875603,-9.27542,1.3312168
1614392455970,0.9577099,-10.022434,0.22745611
1614392455991,-0.08619389,-9.390346,-0.69912827
1614392456012,-0.8547561,-9.857229,0.05027977
1614392456031,-2.152453,-10.431855,1.5802214
1614392456052,-1.6855695,-11.502096,0.2657645
1614392456072,-0.21069619,-10.972961,-0.48843205
1614392456097,0.30167863,-11.11183,-0.026337024
1614392456112,0.15083931,-10.022434,-0.21548474
1614392456131,0.37829542,-9.352037,0.08858817
1614392456153,1.2354459,-9.131764,-0.05027977
1614392456171,0.8667275,-8.803748,0.44772938
1614392456191,1.2665714,-9.665688,0.40223816
1614392456212,0.98404694,-9.967366,0.23942748
1614392456231,0.48124924,-10.558752,0.600963
1614392456251,0.17717634,-10.917893,1.0941836
1614392456272,-0.9624985,-9.450203,0.6943397
1614392456292,1.4078336,-7.4246464,0.27294734
1614392456312,2.3583608,-8.904308,0.17238778
1614392456332,1.7214836,-9.431048,-0.36871833
1614392456353,1.56825,-9.783007,0.14605077
1614392456372,1.7286664,-10.6497345,1.3407938
1614392456392,1.8819,-9.560339,2.1716073
1614392456413,1.802889,-8.439818,1.5443072
1614392456432,1.3192455,-9.335278,0.014365649
1614392456452,-0.045491222,-10.558752,-2.308081
1614392456473,-0.21069619,-10.76466,0.7398309
1614392456492,-0.7302538,-11.65533,1.5897985
1614392456512,1.1875603,-11.674484,0.15562786
1614392456533,1.5850099,-9.893144,0.3328042
1614392456552,1.5610672,-9.464568,2.2889266
1614392456571,-0.67757976,-8.686429,1.8004947
1614392456592,-0.6273,-9.73991,-0.028731298
1614392456611,-0.045491222,-9.93624,-0.5554718
1614392456631,0.7901107,-9.835681,0.1340794
1614392456653,1.1731946,-9.536397,1.0439038
1614392456672,0.94573855,-9.694419,1.185166
1614392456693,-0.12689656,-9.42626,1.0343267
1614392456713,0.045491222,-10.257073,1.7693691
1614392456731,0.600963,-9.6896305,2.6744049
1614392456751,1.2689656,-9.009656,1.6616267
1614392456771,2.0279508,-10.075109,-4.1253357
1614392456792,1.3695252,-9.775824,-0.9074302
1614392456811,-0.15802214,-10.419884,0.4764607
1614392456832,-0.37111259,-10.972961,-0.17478207
1614392456852,1.5562786,-9.859624,-1.5371244
1614392456871,3.0886145,-9.44302,-0.6368771
1614392456892,2.8779182,-9.96976,2.4708917
1614392456911,0.84039044,-9.4932995,4.7262983
1614392456930,-0.48843205,-9.445415,2.4517374
1614392456952,0.35435268,-9.325701,0.4836435
1614392456971,1.0750294,-9.838076,-0.2753416
1614392456993,1.1660118,-10.027223,0.818842
1614392457013,1.4557191,-9.584282,1.446142
1614392457033,1.5490957,-9.883567,0.6560313
1614392457051,0.723071,-9.96976,0.8284191
1614392457075,0.052674048,-10.130177,-0.16759923
1614392457093,0.06464542,-9.9889145,-0.48843205
1614392457113,0.3998439,-10.810151,0.38308397
1614392457132,-0.071828246,-10.6497345,0.12450229
1614392457151,0.22266756,-10.831699,-0.38068968
1614392457171,0.41181526,-11.391959,-0.42378664
1614392457192,0.57462597,-11.65533,-0.14605077
1614392457213,-0.22506183,-11.360834,0.7781393
1614392457231,-0.35674694,-11.356046,0.85954463
1614392457253,0.8643332,-12.206013,1.6161355
1614392457273,0.749408,-11.559559,2.2745612
1614392457292,-0.08619389,-11.533222,2.885101
1614392457312,-0.20111908,-11.403931,2.9066496
1614392457332,-0.1699935,-10.379181,2.3128695
1614392457352,-0.19633053,-10.525232,1.7262721
1614392457373,-0.03351985,-10.460587,0.8547561
1614392457394,-0.37590113,-10.324113,0.50998056
1614392457413,-0.69912827,-9.397529,0.95531565
1614392457437,-0.4644893,-9.177256,-6.325674
1614392457452,0.723071,-9.715967,-3.9313993
1614392457473,1.0295382,-9.541185,-0.20351335
1614392457493,-0.22745611,-9.450203,0.8044763
1614392457512,-1.7789462,-9.668081,1.4916332
1614392457532,-2.0423164,-9.407105,1.8723229
1614392457553,-0.82602483,-9.529214,1.1803775
1614392457573,-0.05027977,-10.422278,1.7095122
1614392457593,0.84278476,-10.805362,2.516383
1614392457615,1.0774237,-10.381576,1.3455825
1614392457634,0.15802214,-10.881979,-0.2944958
1614392457654,-1.3886794,-10.676071,-0.22506183
1614392457675,-1.0486923,-10.716774,0.7996878
1614392457694,-1.1444633,-10.544386,2.4158232
1614392457716,-1.5131817,-10.348056,2.456526
1614392457736,-1.759792,-10.721562,1.2402344
1614392457755,-1.2881198,-10.498895,0.84278476
1614392457775,-1.7406378,-10.118205,0.19633053
1614392457796,-1.7573977,-10.64734,0.06464542
1614392457816,-0.80208206,-10.740717,-0.30646718
1614392457836,-0.21787901,-10.506078,-0.05027977
1614392457857,-0.5123748,-9.993703,0.8571504
1614392457873,-0.9289786,-9.380769,1.359948
1614392457894,-1.4509305,-9.332883,1.9226027
1614392457914,-1.2809371,-9.337671,2.2099156
1614392457932,-1.0510867,-8.964165,1.6089526
1614392457952,-1.0702409,-9.043176,2.8467927
1614392457975,-1.0774237,-9.229929,5.06868
1614392457998,-1.3934679,-8.76544,5.114171
1614392458015,-1.7143008,-8.727132,4.8124924
1614392458033,-2.8396099,-8.48531,4.932206
1614392458052,-3.0215747,-8.679246,4.4294086
1614392458073,-2.5427198,-9.261055,3.3232534
1614392458098,-2.597788,-9.507666,3.3735332
1614392458122,-2.7917244,-9.538791,3.4238129
1614392458132,-3.634509,-9.962578,3.7063375
1614392458153,-4.3216662,-9.80695,3.3256476
1614392458171,-4.005622,-9.198804,3.9050622
1614392458195,-3.3615618,-8.751075,5.6935854
1614392458213,-3.0694604,-8.964165,5.8180876
1614392458232,-3.519584,-9.244295,3.7829542
1614392458253,-3.9697077,-8.839663,2.597788
1614392458272,-3.4740927,-8.858817,3.5339496
1614392458293,-2.80609,-9.311335,3.964919
1614392458312,-1.8459859,-9.354432,4.8555894
1614392458332,-2.281744,-8.983319,5.525986
1614392458352,-2.762993,-9.6585045,5.8659735
1614392458371,-2.648068,-9.507666,5.5714774
1614392458393,-2.1452703,-9.402317,5.39909
1614392458412,-2.1476645,-9.471751,5.4134555
1614392458432,-2.248224,-9.593859,3.981679
1614392458454,-1.0798179,-9.720756,2.456526
1614392458472,-0.9122187,-9.284998,2.0399222
1614392458493,-1.5634614,-7.843644,3.1293173
1614392458513,-1.7813405,-7.7095647,5.6504884
1614392458532,0.32562137,-7.108602,6.3280683
1614392458554,1.908237,-6.404685,5.147691
1614392458576,1.9656997,-5.1021996,4.122941
1614392458595,0.6273,-4.896292,2.7175019
1614392458615,-0.54350036,-4.573065,2.4014575
1614392458635,3.840417,-3.1915684,11.2794285
1614392458673,5.272193,-3.842811,9.478934
1614392458699,4.879532,-3.6800003,11.526039
1614392458730,0.89067024,-3.6704233,7.637737
1614392458783,-0.24900457,-3.0886145,7.9968777
1614392458804,1.8244374,-2.0806248,8.303345
1614392458817,2.310475,-1.6400782,8.2027855
1614392458837,1.9728824,-1.211503,8.897125
1614392458859,1.9992194,-0.6057515,8.777411
1614392458878,3.7111259,0.1699935,8.921068
1614392458914,1.185166,1.2953026,11.648147
1614392458925,0.20351335,2.1237218,10.707197
1614392458933,2.0662591,0.9026416,8.684034
1614392458946,2.0183737,1.1947432,9.201198
1614392458959,2.169213,2.308081,8.554744
1614392458966,1.5514901,3.3615618,7.7119594
1614392458970,1.0726352,3.0239692,7.474926
1614392458974,2.047105,2.4517374,8.542772
1614392458994,2.2314641,2.4110348,9.371192
1614392459014,2.0854135,2.3272352,9.60583
1614392459035,1.9417568,2.1309047,9.170073
1614392459054,1.6281068,1.9872481,8.873182
1614392459074,1.9872481,2.0854135,8.111803
1614392459094,1.3455825,2.5906053,8.346442
1614392459116,0.82602483,2.9928436,9.550762
1614392459134,0.9122187,2.8803127,9.759064
1614392459158,0.9624985,2.8108785,9.25866
1614392459176,0.9960183,2.8348215,8.755863
1614392459197,1.0606637,2.8300328,8.827691
1614392459217,0.818842,2.8707354,9.100638
1614392459237,0.5770202,2.8683412,8.985713
1614392459257,0.2561874,3.4429672,8.499676
1614392459274,-0.11253092,3.4286015,9.641745
1614392459295,-0.08619389,3.1939626,9.703996
1614392459314,-0.4189981,3.2298768,9.471751
1614392459333,0.31843856,2.8276386,9.024022
1614392459354,0.53871185,2.5810282,8.952193
1614392459375,0.40223816,2.6648278,9.454991
1614392459399,0.105348095,2.8731298,9.500483
1614392459416,0.0047885496,2.978478,9.323306
1614392459435,0.27055305,2.7725701,9.14613
1614392459454,0.4956149,2.5929997,9.220352
1614392459475,0.42378664,2.578634,9.304152
1614392459494,0.20111908,2.7342618,9.256267
1614392459518,0.07422252,2.7390504,9.215564
1614392459534,0.2083019,2.657645,9.246689
1614392459555,0.16759923,2.7246847,9.387952
1614392459574,-0.016759925,2.7366562,9.380769
1614392459595,0.36632404,2.569057,9.526819
1614392459668,0.45012367,2.1332989,9.057542
1614392459676,0.10055954,2.6696165,8.652909
1614392459687,-0.026337024,2.6360965,9.296969
1614392459697,0.17957062,2.4708917,9.320911
1614392459710,0.05985687,2.7582045,8.906702
1614392459717,-0.34477556,3.047912,9.402317
