1614392529190,0.6464542,-0.56265455,12.696839
1614392529212,0.45012367,0.11013664,10.185245
1614392529230,1.472479,-0.102953814,8.966559
1614392529250,0.4070267,0.87630457,7.7335076
1614392529272,1.1684061,-0.28013015,8.707977
1614392529293,1.5275474,-0.30886146,9.890749
1614392529311,2.403852,-0.16759923,11.277035
1614392529331,2.7989073,-0.82602483,10.13736
1614392529351,2.2170985,-0.5411061,8.868394
1614392529372,2.135693,-0.4764607,9.134158
1614392529391,2.954535,-0.62251145,8.89952
1614392529410,2.1572416,-0.6368771,8.518829
1614392529429,2.0662591,-1.664021,9.557945
1614392529452,2.4780743,-1.324034,11.018453
1614392529473,2.0854135,-1.6017698,9.905115
1614392529492,1.3192455,-2.1620302,9.641745
1614392529511,1.2761484,-1.5395187,11.2794285
1614392529532,0.7039168,-1.6951466,10.005674
1614392529552,0.28013015,-1.23784,5.813299
1614392529574,1.2737542,-2.17879,8.6984005
1614392529592,1.5514901,-1.6568382,9.28021
1614392529612,2.3894863,-1.8172545,9.177256
1614392529632,1.9944309,-2.0375278,10.628186
1614392529652,0.91461295,-2.2027328,9.452597
1614392529672,-0.052674048,-2.5642684,10.142148
1614392529692,0.18914771,-3.3112822,8.025609
1614392529712,3.5842295,-2.8396099,2.535537
1614392529732,3.3615618,-2.317658,3.7590115
1614392529753,0.6703969,-3.510007,6.122161
1614392529771,-1.0654523,-4.532362,9.122187
1614392529792,-3.0024207,-4.4054656,4.8843207
1614392529813,-0.20590763,-4.37434,5.166845
1614392529832,1.5323359,-5.33205,5.7725964
1614392529853,4.862772,-6.2346916,5.2219133
1614392529873,6.344828,-6.510033,5.770202
1614392529891,7.2378926,-6.943397,6.5986214
1614392529913,8.396722,-7.0798707,7.1828246
1614392529932,8.858817,-6.952974,5.880339
1614392529950,9.857229,-6.9745226,6.672844
1614392529970,8.420665,-7.240287,7.312115
1614392529993,7.3240867,-7.632948,5.0614967
1614392530011,7.142122,-7.6018224,3.387899
1614392530031,7.24747,-7.573091,4.982486
1614392530052,7.8891354,-7.8747697,7.185219
1614392530071,6.672844,-8.035186,6.6967864
1614392530092,5.954561,-7.9968777,5.5379577
1614392530114,4.8412237,-7.369578,3.5554981
1614392530132,4.02717,-7.120573,2.2314641
1614392530153,4.2115293,-7.580274,2.8396099
1614392530173,3.2562137,-8.516436,6.244269
1614392530193,2.2458298,-8.976136,7.534783
1614392530212,2.8156672,-8.348836,5.0662856
1614392530232,4.381523,-7.395915,2.7869358
1614392530253,4.285752,-6.8955116,2.0806248
1614392530271,4.0726614,-6.8691745,1.8531687
1614392530292,2.5092,-7.4821086,2.4876516
1614392530311,1.5395187,-7.9609637,3.5315554
1614392530331,3.3855045,-8.22194,3.8667538
1614392530352,3.3855045,-8.38475,2.8874955
1614392530371,1.733455,-8.097438,1.2402344
1614392530392,1.2330515,-8.171659,2.5044115
1614392530413,1.8747171,-8.657698,4.6233444
1614392530433,1.5778271,-8.284191,5.3105016
1614392530454,1.8435916,-8.58587,4.189981
1614392530474,1.3886794,-9.052753,3.7063375
1614392530494,1.7238779,-8.511647,2.7390504
1614392530514,3.11974,-8.616995,4.0822387
1614392530536,2.0351336,-9.117398,4.051113
1614392530555,0.8092649,-9.014444,4.592219
1614392530574,0.87151605,-8.861211,3.5842295
1614392530596,0.9241901,-9.019233,2.7677817
1614392530614,0.7781393,-8.73192,3.387899
1614392530634,0.15562786,-8.329682,3.972102
1614392530656,0.25139886,-8.856422,3.2346652
1614392530676,1.0702409,-9.675264,4.0199876
1614392530694,1.3814965,-9.950606,3.5578923
1614392530716,0.5027977,-9.9889145,4.371946
1614392530735,0.19393626,-10.278622,4.8723493
1614392530755,-0.05985687,-9.545974,1.6352897
1614392530775,0.08619389,-9.584282,2.1117504
1614392530794,0.42618093,-9.330489,2.8707354
1614392530814,1.0032011,-9.265843,3.294522
1614392530836,1.158829,-9.335278,3.3591676
1614392530854,0.46209505,-8.174054,2.7893302
1614392530876,0.32801566,-8.638543,2.4876516
1614392530896,0.6847626,-10.637763,3.110163
1614392530914,0.5411061,-10.340873,2.370332
1614392530934,0.8786988,-9.766247,1.6089526
1614392530956,1.1971374,-10.779025,1.8699286
1614392530974,1.5802214,-11.080704,2.308081
1614392530996,1.8292259,-10.24989,2.8252442
1614392531016,-0.339987,-8.399116,1.4868447
1614392531034,-0.04070267,-11.277035,1.4413534
1614392531054,-0.23463893,-11.715187,2.6648278
1614392531077,-0.34716985,-10.235525,2.4158232
1614392531098,0.8667275,-10.00328,1.7358493
1614392531117,1.6137413,-10.149331,0.8571504
1614392531137,1.56825,-7.9777236,-0.42139238
1614392531156,1.5131817,-7.1828246,-0.035914123
1614392531176,1.2953026,-5.7199225,0.5794145
1614392531197,0.2370332,-2.5092,0.531529
1614392531220,-0.08619389,-1.6712039,0.8739103
1614392531236,-0.9337672,-3.7781656,1.350371
1614392531256,-0.22985038,-26.028162,4.853195
1614392531275,3.7422516,-29.686613,8.526012
1614392531295,0.18675344,-14.365649,-0.63208854
1614392531316,-0.7829279,-8.430242,-5.238673
1614392531336,-0.5147691,-7.7502675,0.7733508
1614392531356,-0.23942748,-6.986494,2.3846977
1614392531379,0.12450229,-8.346442,3.0215747
1614392531394,-0.7326481,-9.77343,2.892284
1614392531414,-1.594587,-10.79818,2.2338583
1614392531434,-1.1875603,-10.690437,-2.3799093
1614392531456,-1.1516461,-10.338479,-2.1907616
1614392531474,-1.211503,-10.2091875,0.81165916
1614392531496,-1.1492519,-10.355239,1.6688095
1614392531515,-1.3671309,-10.546781,1.1444633
1614392531535,-1.1708003,-10.659311,-0.31843856
1614392531562,-0.65363705,-10.743111,-0.2777359
1614392531574,-0.3519584,-10.7479,0.8044763
1614392531593,0.011971374,-10.621003,1.1827718
1614392531614,0.28970724,-10.360027,0.79250497
1614392531632,0.10774237,-9.91948,0.6703969
1614392531652,-0.21309046,-9.356826,0.7350424
1614392531674,-0.20111908,-9.270632,0.83081335
1614392531693,-0.24182175,-9.227535,0.9864412
1614392531712,-0.20351335,-9.2419,1.1300977
1614392531735,-0.05506832,-9.261055,1.2737542
1614392531754,0.15323359,-9.134158,1.2785428
1614392531775,0.22266756,-8.777411,1.4365649
1614392531797,0.21069619,-8.667274,1.8842943
1614392531816,0.6057515,-9.117398,2.3846977
1614392531837,0.67757976,-9.581888,2.8204558
1614392531856,0.5698374,-9.80695,3.0287576
1614392531885,0.409421,-9.512454,2.9425638
1614392531898,0.40463245,-8.983319,2.7127132
1614392531914,0.6751855,-8.779806,2.308081
1614392531933,0.80687064,-8.789383,2.0447106
1614392531953,1.0247496,-9.024022,2.0231621
1614392531973,1.3623424,-9.63935,2.0902019
1614392531992,1.690358,-10.199611,2.1213274
1614392532012,2.2530127,-11.502096,2.264984
1614392532033,2.6241252,-13.606664,2.535537
1614392532054,1.1636176,-12.033626,1.6951466
1614392532075,1.7573977,-10.462981,0.76616794
1614392532095,2.135693,-9.27542,0.14126222
1614392532113,1.6185298,-8.334471,0.045491222
1614392532134,1.1181264,-7.702382,0.4166038
1614392532157,0.4764607,-8.22194,1.0582695
1614392532176,-0.4166038,-8.609812,1.6616267
1614392532195,-1.5179702,-9.320911,1.733455
1614392532216,-2.7558103,-9.950606,1.462902
1614392532235,-2.7869358,-10.522838,0.9768641
1614392532255,-2.8827069,-10.723957,0.9529214
1614392532275,-3.6392977,-10.0368,1.4150164
1614392532294,-4.2019525,-9.354432,1.924997
1614392532316,-4.3958883,-9.270632,2.0758362
1614392532337,-4.371946,-9.179649,2.0925963
1614392532355,-3.8811195,-9.270632,2.205127
1614392532376,-3.4142358,-9.335278,1.9656997
1614392532396,-3.057489,-9.541185,1.759792
1614392532415,-2.9114382,-9.483723,1.5012103
1614392532434,-2.569057,-9.490906,1.5371244
1614392532456,-1.9968252,-9.720756,1.7813405
1614392532475,-1.2450229,-10.039194,2.1141446
1614392532495,-0.7781393,-10.1541195,2.22907
1614392532516,-0.51955765,-9.72315,2.238647
1614392532534,-0.15802214,-9.447808,2.248224
1614392532555,0.4740664,-9.668081,2.5403256
1614392532575,0.8379962,-9.663293,2.8013015
1614392532592,1.1348863,-9.510059,2.9305923
1614392532614,0.9241901,-9.177256,3.0718546
1614392532635,0.5219519,-9.11261,3.2011454
1614392532653,0.24421602,-9.2490835,2.9473522
1614392532673,0.18435916,-9.294575,2.6791935
1614392532694,0.29210153,-9.332883,2.7294734
1614392532715,0.29928434,-9.608225,3.0119977
1614392532736,-0.36392978,-9.794978,1.8052832
1614392532756,-0.8284191,-10.168485,-0.71828246
1614392532775,0.21787901,-9.488511,3.083826
1614392532795,1.0486923,-8.60263,4.9561486
1614392532816,1.934574,-9.007262,4.896292
1614392532834,2.3942747,-9.835681,4.2977233
1614392532854,2.4996228,-11.25788,3.2035396
1614392532877,1.9273912,-11.514068,1.812466
1614392532897,0.8834874,-9.974549,1.3024855
1614392532913,0.58420306,-8.861211,1.620924
1614392532933,0.23224466,-8.700794,2.2434354
1614392532953,0.07901107,-9.75667,3.0239692
1614392532973,-0.55307746,-11.928277,3.8930907
1614392532993,-1.1372806,-13.929891,4.122941
1614392533012,-0.9241901,-12.799793,3.5578923
1614392533032,-1.1468576,-11.083098,2.4206119
1614392533055,-1.802889,-10.348056,1.3360053
1614392533076,-2.0183737,-10.216371,0.6440599
1614392533096,-0.65842557,-10.470163,-0.8786988
1614392533114,0.50040346,-10.055954,-8.499676
1614392533133,-0.9960183,-8.973742,-3.6033835
1614392533154,-0.80208206,-8.18842,3.0910087
1614392533174,-0.9720756,-7.0152254,-0.71588814
1614392533193,-2.0423164,-7.4892917,-0.21069619
1614392533214,-2.5379312,-8.099832,0.85236186
1614392533234,-2.3894863,-8.906702,1.1684061
1614392533255,-2.317658,-8.983319,1.1779832
1614392533278,-1.9633054,-8.818114,1.5802214
1614392533294,-0.9720756,-9.170073,2.4206119
1614392533313,-0.10774237,-9.811738,3.2993107
1614392533332,1.3431882,-10.64734,3.703943
1614392533354,3.2610023,-11.10704,3.2825508
1614392533374,4.6233444,-11.073521,2.2889266
1614392533393,7.431829,-10.606637,2.5546913
1614392533414,11.727158,-10.089474,5.3535986
1614392533434,6.7039695,-6.902694,6.057515
1614392533453,3.8763309,-5.940196,4.0750556
1614392533476,4.4030714,-10.623397,1.1636176
1614392533495,5.506832,-15.787848,0.6057515
1614392533512,2.6265194,-15.215616,0.60335726
1614392533536,-0.52913475,-12.285024,0.75180227
1614392533555,-1.7071179,-11.356046,1.2522057
1614392533574,-2.2314641,-10.6641,1.2043202
1614392533596,-2.0782306,-9.835681,1.5131817
1614392533614,-2.3679378,-8.961771,0.043096945
1614392533634,-8.028004,-7.5060515,-15.991362
1614392533655,-1.1612233,-8.597841,2.9689007
1614392533675,-1.1468576,-8.842057,2.727079
1614392533695,-3.4740927,-8.130958,-0.12210801
1614392533717,-5.748654,-7.953781,-0.6847626
1614392533735,-5.154874,-8.664881,-0.69912827
1614392533755,-5.36557,-9.680053,1.9968252
1614392533776,-3.2969165,-10.247497,3.213117
1614392533795,-1.9321798,-10.616215,3.1604428
1614392533814,-1.3623424,-10.441432,3.3855045
1614392533835,-2.535537,-9.122187,3.5602865
1614392533854,-2.9689007,-8.195602,3.981679
1614392533874,-2.0183737,-8.607418,3.9194279
1614392533897,-1.2689656,-9.320911,3.9194279
1614392533917,-1.0606637,-9.670476,3.991256
1614392533937,-0.7709565,-9.632168,3.7207031
1614392533955,-0.6344828,-9.399923,3.0048149
1614392533974,-0.46927786,-9.435837,1.9752767
1614392533994,0.16041641,-9.730332,0.97446984
1614392534017,0.679974,-9.933846,0.7015225
1614392534035,-0.39505535,-10.503684,-3.806897
1614392534054,0.27055305,-11.102252,0.7110996
1614392534076,0.20590763,-10.642551,4.350397
1614392534097,-0.9984126,-9.454991,4.022382
1614392534114,-1.4054393,-8.681641,4.312089
1614392534136,0.3974496,-8.334471,5.0495257
1614392534154,1.611347,-8.231517,4.6233444
1614392534174,2.317658,-8.186026,3.8739367
1614392534196,3.0550947,-9.598648,3.275368
1614392534214,2.796513,-10.728745,2.7390504
1614392534240,1.9441512,-11.296188,2.0686533
1614392534254,0.3423813,-11.080704,1.9441512
1614392534273,-0.56265455,-10.917893,1.8292259
1614392534297,-0.6057515,-10.43425,2.4182177
1614392534317,-1.3982565,-10.934653,3.0024207
1614392534346,-2.351178,-12.313755,3.387899
1614392534352,-1.6089526,-11.631387,3.5650752
1614392534373,-1.2953026,-10.237919,2.8084843
1614392534392,-1.6496553,-10.07032,2.0183737
1614392534411,-2.2889266,-10.462981,1.3096683
1614392534432,-1.8100717,-10.556357,0.45491222
1614392534454,0.845179,-10.700014,-9.8787775
1614392534473,-1.2953026,-8.985713,-7.1828246
1614392534494,-1.6951466,-7.6712565,0.56744313
1614392534513,-2.7294734,-6.924243,0.86193895
1614392534532,-3.6081722,-7.369578,1.0055954
1614392534552,-2.9593236,-8.389539,0.84039044
1614392534575,-2.3272352,-9.220352,1.359948
1614392534605,-1.5850099,-9.04557,1.7621863
1614392534617,-0.9194015,-8.746285,1.8316202
1614392534631,-0.30886146,-8.818114,1.9752767
1614392534656,0.4740664,-9.529214,2.2314641
1614392534672,1.9106313,-10.453403,2.5762396
1614392534692,4.12773,-11.087887,2.6744049
1614392534712,6.0263896,-11.025636,2.3631492
1614392534733,10.446221,-11.447028,5.7534423
1614392534752,10.491713,-10.448615,8.537984
1614392534772,1.7693691,-6.179623,6.9122715
1614392534793,1.5993756,-7.1109962,2.8491871
1614392534812,4.2139235,-12.711205,0.88588166
1614392534832,6.2059603,-19.281096,1.6400782
1614392534853,2.2985039,-16.565987,1.4581133
1614392534872,-1.3383996,-11.018453,0.63208854
1614392534891,-2.0758362,-7.8460383,0.06943397
1614392534913,-2.351178,-7.6712565,0.23463893
1614392534932,-1.4078336,-9.165284,0.5554718
1614392534953,-5.2697988,-9.665688,-11.904334
1614392534972,-3.3232534,-9.802161,-5.444581
1614392534992,-0.17957062,-9.775824,4.556305
1614392535012,-1.4485363,-8.775017,1.525153
1614392535032,-4.4749,-7.49408,0.12689656
1614392535051,-5.090228,-8.028004,0.70631105
1614392535071,-6.079064,-9.694419,3.0167863
1614392535093,-4.819675,-10.355239,3.806897
1614392535112,-2.5594797,-10.360027,3.869148
1614392535132,-3.4166303,-8.980925,3.859571
1614392535152,-4.0989985,-7.450983,4.522785
1614392535172,-2.7127132,-7.4102807,4.235472
1614392535192,-1.3000913,-8.442213,4.0367475
1614392535213,-0.6081458,-9.73991,3.9337935
1614392535233,-0.45251793,-10.503684,3.581835
1614392535253,-0.9984126,-10.362421,2.604971
1614392535274,-1.3791022,-10.041589,1.2689656
1614392535293,-0.48843205,-10.369604,-3.1700199
1614392535315,0.48843205,-10.829305,-5.995264
1614392535337,-0.29928434,-9.47654,3.0718546
1614392535357,0.17238778,-9.941029,4.5874305
1614392535442,-0.69912827,-10.336084,5.3009243
1614392535444,-1.4916332,-10.032011,5.3535986
1614392535448,-0.65363705,-9.562734,3.6129606
1614392535449,0.23463893,-8.887548,3.5866237
1614392535453,1.1037607,-8.279403,4.520391
1614392535472,2.516383,-8.001666,4.6903844
1614392535494,3.6297207,-8.0375805,4.740664
1614392535514,3.921822,-9.119793,4.292935
1614392535534,3.562681,-10.527626,3.0383348
1614392535557,3.3136764,-11.253092,1.9633054
1614392535576,2.5379312,-10.635368,1.0319325
1614392535594,1.1995317,-10.575512,1.0822122
1614392535614,-0.91461295,-11.037607,1.3791022
1614392535635,-2.047105,-11.770255,2.343995
1614392535654,-3.1436827,-13.209214,2.5546913
1614392535674,-2.6696165,-13.048798,2.667222
1614392535695,-2.0183737,-10.388759,2.4254005
1614392535714,-2.0327394,-9.567522,1.8842943
1614392535736,-2.4613144,-10.297776,1.4748733
1614392535755,-3.0790374,-10.999298,0.67757976
1614392535774,-1.0462981,-10.587483,-10.568329
1614392535794,-3.3567734,-8.056735,-3.7877429
1614392535816,-4.810098,-6.2682114,-1.1253091
1614392535835,-5.276982,-6.074275,-0.026337024
1614392535856,-4.1181526,-7.2977495,-0.047885496
1614392535875,-3.4381785,-8.667274,0.19154198
1614392535897,-2.9760835,-9.155706,1.1684061
1614392535914,-1.4533248,-9.555551,1.9034485
1614392535938,-0.45970076,-9.641745,2.7246847
1614392535954,-0.38787252,-9.342461,2.813273
1614392535974,0.23224466,-9.347249,2.4517374
1614392535995,0.95531565,-9.57231,2.0710478
1614392536014,1.8962656,-10.163696,1.6544439
1614392536034,4.024776,-10.996904,1.5754328
1614392536055,6.6848154,-11.193234,2.7127132
1614392536075,7.283384,-10.470163,4.7502413
1614392536095,6.969734,-8.913885,7.206767
1614392536115,4.7693954,-6.466936,7.4533772
1614392536133,3.7015488,-7.431829,3.8667538
1614392536153,5.4685235,-13.755109,1.4269878
1614392536174,6.1317377,-19.649813,0.72785956
1614392536195,0.93616146,-13.697646,0.16281068
1614392536213,-1.6400782,-8.693612,0.07422252
1614392536235,-1.9489397,-6.65369,0.18675344
1614392536254,-0.5794145,-9.517242,1.2402344
1614392536276,0.36632404,-12.665713,2.6169424
1614392536294,-1.8555629,-11.717581,2.1907616
1614392536313,-3.9337935,-9.785401,0.53871185
1614392536341,-8.93304,-8.245882,-12.905141
1614392536356,-3.3998702,-9.828498,0.21069619
1614392536374,-2.6337023,-9.929058,0.6847626
1614392536393,-3.5004299,-8.391933,-0.4166038
1614392536414,-7.333664,-6.3927135,2.0758362
1614392536433,-10.2091875,-6.0407553,5.446975
1614392536458,-5.3512044,-8.681641,4.4294086
1614392536476,-3.756617,-10.678466,3.4645157
1614392536493,-2.3990633,-11.358439,2.9473522
1614392536513,-3.8380225,-9.131764,2.9641123
1614392536534,-3.8260512,-7.4270406,3.45015
1614392536554,-1.6233183,-8.389539,3.5890179
1614392536573,0.2466103,-10.395941,4.199558
1614392536598,1.3647367,-11.65533,4.625739
1614392536616,0.50758624,-11.147743,3.512401
1614392536635,-0.52913475,-10.290593,1.7909175
1614392536656,-0.1340794,-9.938635,0.3974496
1614392536677,2.205127,-9.093455,-0.30167863
1614392536697,3.842811,-10.269045,-6.184412
1614392536716,2.5403256,-9.5794935,2.3751206
1614392536735,1.4413534,-9.462174,5.384724
1614392536758,-1.4413534,-9.105427,4.4054656
1614392536776,-3.1173458,-9.545974,2.2865324
1614392536794,-1.4652961,-9.979338,3.677606
1614392536815,0.80687064,-8.717555,5.9856873
1614392536838,2.152453,-7.4198575,5.3679643
1614392536856,2.152453,-7.798153,5.114171
1614392536877,3.222694,-9.826104,4.8220696
1614392536898,3.519584,-11.839689,2.5929997
1614392536916,3.2179053,-11.949825,1.1133378
1614392536934,2.152453,-9.993703,0.23463893
1614392536956,0.64166564,-9.050359,0.21309046
1614392536975,-0.4166038,-9.833286,1.6712039
1614392536994,-2.0351336,-11.289005,3.4621215
1614392537017,-3.8212626,-13.161328,3.902668
1614392537035,-3.7422516,-14.564374,3.8930907
1614392537055,-1.3551595,-12.409526,2.8108785
1614392537078,-1.2306572,-10.391152,1.8555629
1614392537097,-2.6791935,-10.072714,1.2665714
1614392537117,-3.9744961,-10.415095,0.4644893
1614392537138,-3.1412885,-10.132571,-0.38787252
1614392537158,-0.9720756,-9.390346,-7.5850625
1614392537177,-1.7310607,-7.573091,-5.9210415
1614392537198,-2.0016139,-6.3352513,-0.35674694
1614392537217,-2.8803127,-6.58665,-0.3423813
1614392537238,-2.8946784,-7.850827,1.0439038
1614392537257,-2.796513,-9.088667,1.201926
1614392537277,-2.47568,-9.246689,1.5036045
1614392537297,-1.5395187,-8.985713,1.8627458
1614392537318,-1.0343267,-8.885154,2.3320236
1614392537343,-0.37350687,-9.004868,2.6791935
1614392537377,1.0151725,-9.929058,2.700742
1614392537398,2.8180614,-11.236332,2.2075214
1614392537416,4.4677167,-11.463788,1.1133378
1614392537421,7.3815494,-11.315343,0.98404694
1614392537435,8.616995,-10.460587,3.4980354
1614392537458,9.373586,-8.652909,8.150111
1614392537474,4.9633317,-4.8412237,9.4142885
1614392537516,1.3814965,-6.2131433,3.2538195
1614392537526,3.581835,-11.595473,0.80687064
1614392537541,5.6792197,-18.481407,-0.0670397
1614392537555,1.525153,-13.769474,0.41420954
1614392537574,0.31365,-10.769448,0.31125572
1614392537594,-0.2083019,-10.671283,0.31843856
1614392537615,-0.51716334,-11.217177,0.8475733
1614392537634,-1.515576,-11.10704,1.908237
1614392537654,-2.7582045,-9.890749,1.1037607
1614392537675,-4.333637,-8.351231,0.38068968
1614392537693,-4.453351,-8.348836,0.016759925
1614392537714,-3.2873392,-8.293768,-1.175589
1614392537734,-2.2841382,-7.5515428,0.68236834
1614392537753,-2.8707354,-6.859597,0.8475733
1614392537774,-5.1452966,-7.920261,2.0159793
1614392537795,-7.4366174,-11.030424,4.6903844
1614392537817,-6.184412,-11.612233,6.0503325
1614392537837,-1.0702409,-10.908316,4.216318
1614392537858,-1.201926,-9.371192,3.684789
1614392537878,-1.7621863,-8.176449,3.007209
1614392537899,-1.3934679,-8.099832,2.4589202
1614392537916,-0.92658436,-8.6984005,2.2075214
1614392537936,-0.31125572,-9.577099,2.2027328
1614392537956,-0.2753416,-10.084685,2.1069617
1614392537977,-0.32801566,-10.175668,1.6951466
1614392538004,-0.5818088,-10.005674,-0.31843856
1614392538047,0.016759925,-10.587483,-3.8308396
1614392538080,0.9577099,-9.842864,2.099779
1614392538101,1.4748733,-9.4095,3.8619652
1614392538112,0.21069619,-8.913885,4.0463243
1614392538122,-1.776552,-8.360807,3.46691
1614392538132,-1.4652961,-8.449396,2.7414446
1614392538167,0.90024734,-8.786988,4.7526355
1614392538179,0.967287,-8.597841,6.3639827
1614392538190,1.9561225,-8.976136,5.047131
1614392538204,2.901861,-10.711986,3.9792848
1614392538220,3.849994,-13.137386,3.215511
1614392538247,3.842811,-13.383996,2.8994668
1614392538268,2.3918805,-10.577906,2.0447106
1614392538292,2.0806248,-8.360807,1.5227587
1614392538320,1.7478206,-7.3576064,1.201926
1614392538331,1.201926,-7.848433,1.5969813
1614392538338,0.14605077,-10.388759,3.347196
1614392538355,-1.3934679,-12.80937,3.9242165
1614392538375,-3.5411325,-14.70803,3.8212626
1614392538396,-2.8635526,-12.924295,2.5810282
1614392538414,-2.3990633,-11.01127,1.5179702
1614392538436,-3.9170337,-9.864412,1.0439038
1614392538457,-5.183605,-9.093455,1.0008069
1614392538474,-4.9561486,-8.320105,1.0870007
1614392538494,-3.9266107,-7.393521,0.89545876
1614392538516,-4.048719,-6.8524146,0.69194543
1614392538534,-4.4653225,-7.233104,0.91461295
1614392538555,-4.5012364,-8.111803,0.8332076
1614392538578,-4.486871,-8.875577,0.6057515
1614392538598,-3.4046588,-9.330489,0.94095
1614392538616,-2.5642684,-9.809344,1.0127783
1614392538638,-2.6073654,-9.478934,-0.045491222
1614392538657,-2.2314641,-8.686429,-1.3719195
1614392538675,-1.5562786,-8.514041,-1.8699286
1614392538697,-0.60335726,-9.155706,-0.8140534
1614392538716,0.28252444,-9.531608,1.132492
1614392538740,1.2498114,-9.828498,2.9665065
1614392538756,1.9872481,-9.98652,4.113364
1614392538775,1.3383996,-9.5483675,3.0742488
1614392538794,0.9864412,-8.480521,1.8316202
1614392538815,2.7366562,-8.023215,2.3894863
1614392538836,8.219545,-12.835708,5.8252707
1614392538859,10.690437,-17.86608,7.2354984
1614392538876,5.487678,-11.394354,2.2362528
1614392538926,1.5275474,-7.881953,-0.25139886
1614392538929,-0.48843205,-6.9074826,-0.79250497
1614392538936,1.462902,-10.774237,0.38547826
1614392538954,1.3623424,-14.3441,1.7119064
1614392538975,-2.6337023,-12.632194,1.8364087
1614392538997,-4.922629,-9.536397,-0.16041641
1614392539015,-5.0567083,-8.200391,-1.3048798
1614392539036,-3.014392,-10.376787,-0.19154198
1614392539055,-2.7246847,-10.453403,0.20351335
1614392539074,-6.407079,-6.9888883,0.7589851
1614392539094,-10.005674,-4.9154463,1.7286664
1614392539115,-11.3656225,-6.2753944,3.641692
1614392539135,-5.707951,-9.670476,3.991256
1614392539155,-3.7853484,-9.545974,2.638491
1614392539176,-2.6073654,-8.966559,1.3791022
1614392539197,-2.5475085,-9.033599,1.6233183
1614392539215,-1.6017698,-9.660899,1.9465454
1614392539239,-0.4285752,-10.194822,1.8890828
1614392539257,0.09337672,-10.427067,2.0327394
1614392539276,0.06943397,-10.0368,1.4964218
1614392539298,-0.10774237,-10.032011,0.845179
1614392539316,0.749408,-10.63058,-1.5897985
1614392539337,0.8547561,-10.508472,1.1133378
1614392539358,1.4365649,-9.6585045,3.727886
1614392539376,2.3320236,-9.385557,4.781367
1614392539396,2.2314641,-9.122187,5.3488097
1614392539416,1.228263,-8.55235,5.166845
1614392539436,0.43575802,-8.004061,4.565882
1614392539456,-0.4644893,-8.4230585,1.8100717
1614392539477,0.011971374,-8.820508,3.2873392
1614392539497,1.403045,-8.5882635,6.263423
1614392539516,1.8531687,-8.001666,5.200365
1614392539537,2.2937152,-8.403905,3.1388943
1614392539554,2.9329867,-9.464568,2.0782306
1614392539575,2.8635526,-10.987327,1.977671
1614392539596,0.45251793,-12.785427,2.5642684
1614392539618,-2.988055,-13.589904,2.8563697
1614392539635,-3.2969165,-12.038414,2.6815877
1614392539657,-0.33519846,-9.8787775,2.3966691
1614392539677,0.5506832,-9.775824,2.5642684
1614392539697,-0.7446195,-11.22436,3.057489
1614392539719,-2.8683412,-12.4358635,2.4541316
1614392539738,-2.7773588,-12.756696,1.8699286
1614392539756,-1.7693691,-12.059962,-2.1500587
1614392539776,-1.5490957,-10.403124,-4.869955
1614392539795,-2.099779,-9.158101,-1.2546
1614392539816,-2.2506182,-8.573898,1.2953026
1614392539837,-2.997632,-8.310528,0.7948992
1614392539856,-3.3256476,-7.903501,-0.25379312
1614392539876,-2.8443985,-7.520417,-0.22027329
1614392539898,-2.6337023,-7.90829,0.7781393
1614392539917,-1.9920366,-8.825297,1.7454263
1614392539935,-1.359948,-9.308941,2.4014575
1614392539956,-0.6153286,-9.165284,2.9114382
1614392539975,-1.0055954,-8.5882635,2.7055306
1614392539994,-0.53871185,-8.341654,1.9321798
1614392540015,0.105348095,-8.636149,1.908237
1614392540035,0.94095,-9.04557,1.7430321
1614392540055,0.9864412,-9.265843,1.9728824
1614392540078,1.3192455,-9.498088,2.22907
1614392540095,1.960911,-10.168485,2.3487835
1614392540115,3.1293173,-10.755082,2.5068057
1614392540137,4.051113,-10.913105,2.978478
1614392540156,4.4988422,-10.403124,4.4653225
1614392540176,5.5331693,-8.554744,6.651295
1614392540196,7.84125,-7.518023,6.9673395
1614392540214,5.4302154,-8.411087,3.572258
1614392540235,4.8555894,-12.897959,1.4868447
1614392540256,3.1508656,-14.935486,-0.28252444
1614392540275,1.498816,-13.623424,-0.66800267
1614392540296,-0.84278476,-9.067119,-0.5985687
1614392540317,-1.1372806,-6.6848154,-0.19633053
1614392540335,-0.7972935,-7.659285,0.28252444
1614392540354,-0.679974,-10.582695,0.9313729
1614392540376,-1.9824595,-12.751907,1.4102279
1614392540395,-3.756617,-12.246716,1.1181264
1614392540415,-4.889109,-9.196409,1.4700848
1614392540437,-5.4110613,-7.371972,1.7382435
1614392540456,-5.2147307,-7.369578,2.4158232
1614392540476,-5.288953,-8.164477,3.2921278
1614392540498,-4.9202347,-9.270632,4.4749
1614392540517,-3.007209,-9.641745,5.025583
1614392540538,-1.5275474,-9.727939,4.9800916
1614392540559,-1.4533248,-9.615408,4.7167215
1614392540577,-1.5514901,-9.3592205,4.130124
1614392540599,-1.1037607,-9.507666,3.318465
1614392540620,-1.3934679,-10.0439825,2.1716073
1614392540639,-1.5299416,-10.0439825,0.92658436
1614392540660,-0.71828246,-10.328901,0.24182175
1614392540680,0.8332076,-10.31693,0.69912827
1614392540698,1.5778271,-9.684841,0.9194015
1614392540718,1.3551595,-8.889942,0.5770202
1614392540739,1.1636176,-9.0288105,0.40463245
1614392540757,0.9696813,-9.586677,0.60335726
1614392540778,0.44294083,-10.079897,1.0558752
1614392540798,-0.07901107,-10.321719,1.637684
1614392540817,-0.70870537,-10.35045,2.0423164
1614392540836,-1.2138973,-10.149331,2.0183737
1614392540858,-1.5059988,-9.859624,2.0662591
1614392540876,-1.9489397,-9.680053,2.4421604
1614392540897,-2.578634,-9.237112,2.5283542
1614392540917,-3.3256476,-9.265843,2.6169424
1614392540935,-3.929005,-9.699207,2.700742
1614392540956,-4.120547,-10.326508,2.8731298
1614392540979,-3.6728175,-10.010463,2.7246847
1614392540997,-2.8827069,-8.751075,2.439766
1614392541016,-2.935381,-8.049552,2.3535721
1614392541039,-3.0910087,-8.356019,2.1476645
1614392541149,-2.803696,-8.679246,1.5874043
1614392541154,-2.0614705,-8.660092,1.0582695
1614392541156,-1.3264283,-8.760652,1.9130256
1614392541159,-0.25858167,-9.897932,3.014392
1614392541159,1.063058,-11.839689,3.7614057
1614392541161,1.4365649,-12.80937,3.3400133
1614392541175,0.7134939,-11.643358,0.9289786
1614392541195,1.3072741,-10.46777,-1.0151725
1614392541219,2.80609,-10.017646,-2.5762396
1614392541237,1.9872481,-9.399923,-2.6648278
1614392541256,0.53871185,-9.086273,-1.1636176
1614392541278,0.6943397,-9.330489,0.23463893
1614392541297,0.7637737,-9.869201,1.4940275
1614392541318,0.19393626,-10.146936,2.5929997
1614392541340,0.47167215,-10.1541195,2.7175019
1614392541359,-0.0071828244,-9.620196,2.0590763
1614392541379,-0.7541966,-9.165284,1.1636176
1614392541403,-0.9792584,-9.543579,0.97446984
1614392541419,-1.1516461,-9.766247,1.0917894
1614392541437,-1.063058,-9.419077,1.4078336
1614392541456,-1.0199611,-8.482916,1.5395187
1614392541479,-1.1899546,-7.7861814,1.3168511
1614392541498,-1.2641771,-7.6305537,1.0846065
1614392541516,-0.73743665,-8.382356,1.2617828
1614392541535,-0.47167215,-8.7822,1.6161355
1614392541555,-0.117319465,-8.734315,2.0686533
1614392541578,0.86193895,-11.30816,3.510007
1614392541595,0.8140534,-15.5675745,4.865166
1614392541615,-3.1484714,-13.872428,2.4469488
1614392541636,-2.9377751,-8.813326,0.043096945
1614392541654,-1.376708,-6.0072355,-0.052674048
1614392541675,1.1731946,-6.893117,1.4605076
1614392541696,1.5706443,-9.366403,3.7207031
1614392541714,-0.18435916,-10.99451,5.89231
1614392541735,-0.9505271,-11.523644,6.1820173
1614392541756,-1.9585168,-10.472558,5.6313343
1614392541775,-3.1676257,-8.011244,5.0231886
1614392541795,-2.753416,-7.637737,4.5108137
1614392541818,-2.3942747,-8.746285,3.2873392
1614392541836,-3.0215747,-9.500483,1.9106313
1614392541856,-4.908263,-11.336891,-8.964165
1614392541879,-3.4549387,-10.494106,0.24182175
1614392541898,-1.5227587,-10.106234,0.6488485
1614392541917,-2.248224,-9.929058,0.47885495
1614392541938,-3.1317115,-9.692024,1.6400782
1614392541957,-2.4182177,-9.232324,2.4158232
1614392541977,-1.9417568,-8.705584,2.3272352
1614392541998,-1.2162915,-8.746285,1.9202085
1614392542018,-0.73743665,-8.870789,2.648068
1614392542036,-0.9385557,-8.684034,2.7510219
1614392542057,-0.67279124,-8.707977,2.2170985
1614392542077,-0.6943397,-8.923462,2.1644244
1614392542097,-0.74701375,-9.663293,2.2314641
1614392542214,-0.7733508,-9.960183,1.4533248
1614392542220,-0.19633053,-9.507666,1.5706443
1614392542224,-0.08619389,-9.074302,1.9106313
1614392542225,-1.3264283,-9.613013,1.297697
1614392542226,-2.6169424,-10.697619,-0.18914771
1614392542226,-3.5339496,-11.166898,0.60335726
1614392542239,-2.19555,-12.342486,2.4062462
1614392542256,-1.802889,-11.684061,2.1189332
1614392542276,-2.1332989,-10.118205,1.9273912
1614392542298,-3.0383348,-8.130958,2.9856608
1614392542316,-0.26097596,-11.528433,2.4852571
1614392542339,1.8411974,-14.854081,-0.20111908
1614392542357,1.175589,-12.107848,2.918621
1614392542375,2.4804688,-9.119793,6.526793
1614392542394,3.4262073,-7.4007034,5.025583
1614392542417,0.6081458,-7.2977495,3.179597
1614392542435,-0.15562786,-8.743892,-0.0071828244
1614392542455,0.36392978,-11.214784,-3.15326
1614392542476,0.4644893,-12.771062,-1.6424725
1614392542496,1.2809371,-12.057568,-1.2881198
1614392542515,1.2785428,-10.767054,-0.56265455
1614392542537,0.07901107,-9.981731,0.31604427
1614392542556,0.22985038,-10.527626,0.5027977
1614392542576,-0.2753416,-10.829305,0.11492519
1614392542597,-1.0127783,-10.79818,-0.38547826
1614392542616,-0.888276,-10.740717,-0.3615355
1614392542635,-0.6368771,-10.281016,-0.15323359
1614392542657,0.27055305,-9.557945,-0.05506832
1614392542676,0.13168511,-9.395134,-0.7206767
1614392542697,-0.64166564,-9.239507,-0.7685622
1614392542718,-0.339987,-8.741497,0.76616794
1614392542738,0.70870537,-8.391933,2.1620302
1614392542759,-0.07901107,-7.5587254,1.4581133
1614392542778,-0.43815228,-7.2594414,0.2561874
1614392542796,-0.8547561,-7.51084,0.31604427
1614392542816,-1.0822122,-8.267431,0.4860378
1614392542838,-1.2450229,-8.509253,1.1396748
1614392542857,-1.4820561,-8.616995,1.9106313
1614392542983,-0.9289786,-9.25866,2.719896
1614392542992,-0.42139238,-9.536397,3.1149516
1614392543006,-0.12689656,-9.447808,3.3855045
1614392543009,0.48843205,-9.857229,3.7781656
1614392543020,1.3910737,-10.728745,4.170827
1614392543030,2.5403256,-11.1453495,4.364763
1614392543034,3.7087317,-10.508472,5.3033185
1614392543047,11.866026,-11.425479,10.877191
1614392543047,6.7829804,-9.26345,4.9274178
1614392543058,6.426234,-11.90194,-0.30167863
1614392543078,7.8268843,-15.074354,-1.7885233
1614392543098,3.2633965,-12.862044,-0.75180227
1614392543116,-1.089395,-9.419077,-0.44533512
1614392543137,-2.3727264,-8.775017,0.19633053
1614392543155,-1.838803,-10.395941,1.2641771
1614392543175,-0.6751855,-12.103059,2.978478
1614392543197,-0.4644893,-11.538011,2.5092
1614392543215,-2.7079248,-10.142148,1.211503
1614392543236,-10.788602,-7.398309,-14.75831
1614392543258,-2.2506182,-9.953,2.6815877
1614392543276,-2.5403256,-8.978531,2.8300328
1614392543297,-4.503631,-6.936214,0.26337022
1614392543317,-7.458166,-5.7582307,-0.10055954
1614392543337,-7.371972,-6.8715687,1.1923488
1614392543357,-5.523592,-9.239507,2.8994668
1614392543378,-3.2394538,-10.738322,3.344802
1614392543398,-1.7909175,-11.490125,3.7590115
1614392543418,-1.7047237,-10.242707,3.8883023
1614392543440,-2.5642684,-8.128563,4.09421
1614392543457,-2.413429,-7.7143536,4.3695517
1614392543478,-1.8579572,-8.571504,4.745453
1614392543499,-1.0798179,-9.613013,4.7717896
1614392543518,-0.1987248,-9.792584,4.4318027
1614392543539,1.132492,-9.47654,4.0151987
1614392543560,2.2434354,-9.2419,3.5650752
1614392543578,2.6504622,-9.148524,2.9090438
1614392543773,2.4948344,-8.971348,2.185973
1614392543777,2.3416007,-9.126976,1.8866886
1614392543785,1.6328955,-9.850046,-0.06464542
1614392543789,0.3998439,-10.582695,-3.562681
1614392543790,0.7134939,-10.202005,1.7190893
1614392543790,-0.7972935,-9.191621,3.7877429
1614392543791,-2.7917244,-8.389539,4.199558
1614392543791,-2.1380875,-7.9561753,6.0886407
1614392543792,-0.53392327,-7.877164,7.0511394
1614392543792,1.6807809,-7.553937,5.9018874
1614392543798,3.232271,-7.90829,4.2977233
1614392543818,3.2107224,-10.113417,4.8555894
1614392543837,0.7805336,-11.01127,6.483696
1614392543857,-1.5897985,-12.045596,6.428628
1614392543876,-1.0846065,-14.435082,5.8228765
1614392543896,0.15802214,-15.64898,4.4461684
1614392543916,2.3416007,-15.490958,3.213117
1614392543938,1.9465454,-14.135798,2.8803127
1614392543955,1.0319325,-12.780639,2.221887
1614392543977,0.9864412,-12.4358635,1.6305012
1614392543995,4.522785,-13.712012,-9.70639
1614392544015,2.1716073,-11.676878,-10.281016
1614392544038,2.779753,-8.317711,-2.430189
1614392544058,1.1612233,-6.682421,-3.0024207
1614392544078,-0.047885496,-6.3735595,-1.7262721
1614392544099,-1.1037607,-6.471725,0.6081458
1614392544119,-1.4652961,-6.981705,1.4868447
1614392544139,-1.7573977,-8.655303,3.4573328
1614392544160,-2.2937152,-9.553157,3.4549387
1614392544178,-2.2410412,-9.091062,2.7175019
1614392544198,-0.9241901,-8.870789,1.8579572
1614392544222,-0.16759923,-8.777411,1.1420691
1614392544239,0.34956414,-8.672064,2.4445546
1614392544259,0.9385557,-9.2419,4.0822387
1614392544280,1.8172545,-10.515655,5.2841644
1614392544301,3.0862203,-11.344074,6.9050884
1614392544319,5.276982,-10.752688,9.665688
1614392544340,8.128563,-9.672871,10.901134
1614392544359,7.8723755,-8.353624,6.577073
1614392544378,5.36557,-6.65369,0.35435268
1614392544401,1.5993756,-5.272193,-0.6177229
1614392544420,5.3488097,-10.278622,-0.90982443
1614392544438,10.4845295,-19.424751,0.23224466
1614392544460,3.1748085,-17.214836,0.41181526
1614392544478,-1.6783867,-11.396749,0.071828246
1614392544498,-2.3966691,-8.547561,0.17957062
1614392544520,-0.50998056,-10.343267,0.69194543
1614392544539,-1.446142,-11.231544,1.0151725
1614392544557,-5.585843,-10.26665,-9.627379
1614392544579,-4.6664414,-9.447808,-5.444581
1614392544597,-0.33519846,-9.972155,4.5898247
1614392544619,-1.9441512,-9.534002,1.6783867
1614392544641,-5.8180876,-7.9753294,-2.456526
1614392544659,-7.7861814,-7.721536,-1.7047237
1614392544679,-11.085492,-7.4797144,2.9234095
1614392544700,-6.960157,-8.48531,3.4046588
1614392544718,-4.4413795,-9.5244255,3.816474
1614392544739,-2.667222,-10.132571,3.0718546
1614392544760,-2.4206119,-9.481328,3.0096035
1614392544779,-3.5507095,-8.164477,3.7685885
1614392544798,-2.80609,-8.394327,5.05192
1614392544820,-1.1444633,-10.223554,5.952167
1614392544838,0.43575802,-11.277035,5.6002088
1614392544857,0.4836435,-10.901134,4.2402606
1614392544880,-0.7302538,-10.206794,2.0542877
1614392544900,-0.43815228,-9.979338,0.22027329
1614392544920,1.8699286,-9.1940155,0.65124273
1614392544939,4.3863115,-9.543579,1.802889
1614392544958,5.130931,-10.549175,0.81165916
1614392544978,2.6863763,-9.644139,-2.0183737
1614392545000,2.482863,-8.020821,2.5331428
1614392545018,2.2625897,-7.623371,4.1516724
1614392545037,1.9824595,-7.6066113,4.8364353
1614392545059,2.1979442,-7.632948,6.179623
1614392545079,3.545921,-7.3743663,6.143709
1614392545098,3.9984388,-7.9777236,4.37434
1614392545119,3.849994,-9.924269,2.4158232
1614392545138,3.1652312,-10.673677,1.8914771
1614392545155,2.5810282,-12.301784,2.9521408
1614392545177,-0.5458947,-15.675317,3.3112822
1614392545195,-4.565882,-17.763124,4.02717
1614392545215,-5.2697988,-16.407965,3.912245
1614392545236,-1.7406378,-13.467795,3.74704
1614392545257,-0.5363176,-11.147743,3.46691
1614392545277,-1.0846065,-9.931452,3.2921278
1614392545298,-2.5092,-10.017646,3.1556542
1614392545316,-2.2075214,-11.269852,1.5443072
1614392545337,6.4693303,-13.240339,-20.724842
1614392545357,0.7541966,-8.001666,-5.047131
1614392545376,-1.7837347,-6.2753944,-2.7653873
1614392545396,-3.2873392,-5.2290964,-0.13647367
1614392545418,-3.1963568,-6.0239954,0.7996878
1614392545436,-2.9593236,-8.217151,0.7709565
1614392545456,-3.8188684,-10.096657,1.0822122
1614392545476,-2.4637089,-10.24989,2.3823035
1614392545497,-1.4317763,-9.39274,4.0966043
1614392545518,-1.0654523,-8.734315,4.11097
1614392545538,-0.045491222,-9.428655,4.233078
1614392545556,1.2043202,-10.654523,4.2833576
1614392545576,2.2889266,-11.676878,4.3695517
1614392545600,6.308914,-12.189253,4.3456087
1614392545620,11.27464,-11.597867,4.024776
1614392545639,13.721589,-10.146936,6.0311785
1614392545658,4.3432145,-5.0854397,4.601796
1614392545676,2.0231621,-5.427821,2.5810282
1614392545696,8.123775,-14.188473,1.3814965
1614392545717,9.80695,-20.348942,0.53871185
1614392545736,0.56265455,-12.747119,-0.08858817
1614392545755,-2.3990633,-9.172467,-0.32562137
1614392545776,-3.0981915,-9.026416,0.27294734
1614392545850,-1.1684061,-11.025636,1.3886794
1614392545851,-1.201926,-11.399142,1.9992194
1614392545852,-8.458973,-9.119793,-14.976189
1614392545857,-5.2913475,-9.529214,-6.447782
1614392545876,-1.9154198,-10.187639,1.2689656
1614392545899,-2.9689007,-9.641745,1.1085492
1614392545919,-4.652076,-8.097438,0.052674048
1614392545937,-11.34168,-5.873156,3.859571
1614392545960,-9.217958,-7.048745,4.5850363
1614392545979,-4.747847,-9.897932,3.2107224
1614392545997,-2.6456738,-10.836488,2.6025767
1614392546019,-2.0423164,-9.914692,1.5107874
1614392546038,-2.7127132,-7.9418097,1.9633054
1614392546060,-3.991256,-7.1995845,3.6369035
1614392546079,-1.1253091,-8.985713,4.5706706
1614392546098,0.7829279,-10.858036,4.7119327
1614392546119,1.2785428,-11.542799,4.6305275
1614392546139,-0.045491222,-10.802968,2.535537
1614392546157,-0.49082634,-9.833286,0.6656084
1614392546178,1.4868447,-8.825297,1.2306572
1614392546204,4.130124,-8.980925,2.6121538
1614392546218,5.3248672,-10.1541195,3.3136764
1614392546237,4.6568646,-10.391152,3.3424077
1614392546260,2.4541316,-8.983319,2.7175019
1614392546279,1.6161355,-8.365596,1.359948
1614392546298,2.3200524,-8.561927,1.4245936
1614392546320,2.2625897,-7.9394155,3.9337935
1614392546339,2.7222905,-7.802942,4.95136
1614392546359,3.8787253,-8.3679905,4.5251794
1614392546380,3.7111259,-9.316123,3.1221344
1614392546399,3.162837,-9.543579,1.9369683
1614392546418,2.8396099,-9.984126,1.6759924
1614392546439,1.5969813,-12.349669,2.9114382
1614392546460,-0.82123625,-14.9378805,3.3567734
1614392546478,-4.1780095,-16.137413,3.5674694
1614392546503,-4.608979,-15.112662,3.4477558
1614392546519,-1.0175668,-12.289813,3.0455174
1614392546538,-0.43096948,-10.151725,2.6025767
1614392546559,-1.7238779,-9.284998,2.4014575
1614392546577,-3.2921278,-9.833286,1.324034
1614392546597,-2.6025767,-11.2794285,0.70870537
1614392546620,2.3823035,-11.925883,-12.919507
1614392546638,-0.9816527,-8.415876,-3.8906965
1614392546658,-3.2681851,-6.4765134,-1.4868447
1614392546677,-4.235472,-5.8659735,0.014365649
1614392546696,-3.0886145,-7.0870533,-0.07901107
1614392546715,-2.7749646,-8.837268,-0.11253092
1614392546736,-2.2554069,-9.284998,1.7286664
1614392546755,-0.75659084,-9.526819,3.9864676
1614392546775,-0.84996754,-8.712766,3.6105664
1614392546796,-0.7948992,-8.039975,2.5738454
1614392546817,0.2083019,-8.607418,2.4349775
1614392546837,1.5850099,-9.974549,2.5546913
1614392546859,3.3352249,-11.521251,2.3966691
1614392546878,5.916253,-12.093482,2.3823035
1614392546899,9.251478,-11.875603,2.918621
1614392546918,9.711179,-9.962578,7.120573
1614392546936,7.395915,-6.7997403,9.3592205
1614392546956,2.8491871,-6.3759537,4.5610933
1614392546976,6.0000525,-12.373612,1.3144568
1614392546999,8.954588,-18.838154,0.86912173
1614392547017,2.3272352,-13.585115,0.45012367
1614392547039,-1.4700848,-8.820508,0.12689656
1614392547058,-2.0782306,-8.466156,0.37829542
1614392547078,-1.2857256,-11.24112,0.80208206
1614392547099,-1.3192455,-11.497308,1.5778271
1614392547118,-2.1380875,-10.130177,1.0965779
1614392547137,-4.228289,-8.93304,-0.19154198
1614392547159,-5.9808984,-8.89952,-7.6736507
1614392547179,-2.1572416,-10.149331,0.03351985
1614392547198,-3.981679,-8.10462,-0.80208206
1614392547220,-6.60341,-7.2354984,-0.29689008
1614392547238,-11.461393,-7.041562,3.8571768
1614392547260,-9.246689,-7.7909703,6.6800265
1614392547279,-3.4022646,-9.754275,4.2115293
1614392547298,-1.8866886,-11.018453,3.057489
1614392547318,-1.8459859,-10.326508,2.4541316
1614392547339,-3.2011454,-8.48531,3.2202997
1614392547358,-2.8491871,-8.123775,4.312089
1614392547379,-0.56265455,-9.320911,4.07745
1614392547401,0.23463893,-10.45101,3.1580484
1614392547419,-0.11492519,-10.582695,1.9872481
1614392547439,0.090982445,-10.144543,1.1516461
1614392547460,2.1548474,-9.794978,1.9202085
1614392547479,3.8523881,-9.45978,1.6927522
1614392547498,4.3791285,-9.852441,1.9010541
1614392547522,3.8188684,-10.415095,1.2617828
1614392547541,2.8635526,-9.9889145,1.5514901
1614392547559,1.6520497,-8.506859,3.4453614
1614392547580,1.5059988,-7.3671837,5.030371
1614392547600,2.595394,-7.3025384,6.5627074
1614392547620,3.833234,-7.2594414,6.7207294
1614392547641,4.103787,-8.176449,4.479688
1614392547660,3.8356283,-9.445415,2.6696165
1614392547680,4.065479,-9.976943,0.35914123
1614392547701,3.7661943,-10.702409,0.071828246
1614392547720,1.228263,-12.706416,1.3982565
1614392547741,-2.7773588,-15.692077,4.008016
1614392547761,-6.9050884,-18.122267,4.862772
1614392547779,-4.810098,-15.909956,4.295329
1614392547798,-0.7996878,-11.80138,3.9409764
1614392547819,-0.68715686,-9.39274,2.5139885
1614392547838,-1.7957062,-8.968953,2.5475085
1614392547860,-2.1835787,-9.8237095,1.9537282
1614392547880,-2.0375278,-10.544386,0.7733508
1614392547899,5.183605,-12.47896,-22.27394
1614392547920,-0.32083282,-8.265037,-5.604997
1614392547940,-2.9641123,-6.30652,-1.4269878
1614392547959,-3.7542229,-6.6584783,0.8475733
1614392547980,-2.80609,-8.470944,1.1947432
1614392548000,-2.7749646,-9.356826,0.79250497
1614392548020,-3.014392,-8.870789,0.9720756
1614392548040,-1.8340145,-8.329682,1.7837347
1614392548061,-0.8571504,-8.18842,2.7558103
1614392548079,0.38308397,-9.043176,4.182798
1614392548102,2.0949905,-11.135772,5.863579
1614392548120,4.113364,-12.433469,4.860378
1614392548139,4.070267,-10.841276,2.423006
1614392548157,6.5052447,-10.190034,3.2610023
1614392548178,12.067145,-10.187639,4.929812
1614392548197,8.516436,-6.229903,6.0479383
1614392548217,6.9481854,-9.047964,2.638491
1614392548238,7.003254,-15.17252,1.158829
1614392548257,4.455745,-14.913938,0.17478207
1614392548278,0.60335726,-11.245909,-0.14844504
1614392548300,-0.68715686,-9.25866,0.37590113
1614392548320,0.21787901,-11.126195,1.6400782
1614392548341,0.1987248,-12.665713,2.1620302
1614392548360,-1.8172545,-10.439038,1.0127783
1614392548380,-3.275368,-8.43503,-0.071828246
1614392548400,-7.0774765,-8.430242,-8.530801
1614392548421,-4.575459,-9.191621,-2.6983478
1614392548440,-1.8340145,-9.050359,1.6328955
1614392548459,-2.4469488,-8.212362,3.3855045
1614392548481,-5.1812105,-7.103813,1.2067145
1614392548500,-4.992063,-8.348836,1.211503
1614392548519,-4.3240604,-10.424672,1.8364087
1614392548541,-2.370332,-11.597867,3.529161
1614392548559,-0.88109314,-10.441432,3.5315554
1614392548579,-0.4740664,-9.593859,3.5315554
1614392548600,0.4166038,-9.273026,3.347196
1614392548619,0.26337022,-8.609812,3.3663504
1614392548640,0.29689008,-8.71516,3.213117
1614392548660,0.845179,-9.244295,3.0096035
1614392548679,1.1684061,-9.5244255,2.6552508
1614392548700,1.228263,-9.210775,1.9393626
1614392548720,2.152453,-9.771035,1.7310607
1614392548740,2.7486274,-9.680053,1.7119064
1614392548760,2.3918805,-9.253872,1.6831752
1614392548780,1.7262721,-8.636149,1.1971374
1614392548800,1.0151725,-9.325701,1.201926
1614392548821,0.2849187,-9.840469,1.5874043
1614392548841,-0.83081335,-9.797373,1.4317763
1614392548859,-1.6712039,-9.890749,1.594587
1614392548880,-2.238647,-10.1541195,1.5874043
1614392548900,-2.5499027,-10.491713,1.9728824
1614392548920,-2.3056867,-9.708784,2.2123098
1614392548939,-0.91700727,-8.399116,2.8803127
1614392548959,-0.11013664,-8.760652,5.461341
1614392548978,-0.24182175,-10.273833,6.612987
1614392548998,-0.05027977,-11.296188,5.3248672
1614392549021,-0.77574503,-12.18207,3.6201434
1614392549038,-1.3407938,-11.55477,2.6337023
1614392549060,-0.72546524,-10.683254,2.0854135
1614392549080,0.22985038,-10.077502,1.6688095
1614392549100,0.50758624,-9.957788,1.6065584
1614392549120,1.3838909,-10.415095,1.0726352
1614392549140,2.1021733,-11.123801,0.90024734
1614392549160,2.8013015,-11.166898,0.46209505
1614392549180,2.4254005,-10.549175,0.026337024
1614392549204,5.3966956,-10.970567,-0.38308397
1614392549220,5.3895125,-11.509279,-4.8316464
1614392549240,2.0973847,-10.848459,-5.7630196
1614392549260,1.2067145,-9.687236,-2.7773588
1614392549279,0.16281068,-8.961771,-4.40786
1614392549300,-0.30646718,-9.220352,-1.8196489
1614392549320,0.48124924,-10.230737,0.845179
1614392549339,-0.44054657,-10.405519,1.0151725
1614392549359,-0.9792584,-9.883567,0.65842557
1614392549380,0.7709565,-7.764633,0.016759925
1614392549399,0.64166564,-10.079897,1.1037607
1614392549419,2.439766,-11.382382,3.1604428
1614392549440,0.42618093,-10.436644,3.502824
1614392549459,-0.08140534,-9.481328,3.1341057
1614392549479,0.023942748,-9.371192,2.516383
1614392549501,0.49082634,-9.766247,1.7358493
1614392549520,0.50758624,-9.160496,2.1548474
1614392549540,0.92658436,-9.007262,1.9010541
1614392549560,1.0199611,-9.105427,1.185166
1614392549579,1.1037607,-8.897125,0.8739103
1614392549599,1.5754328,-8.336864,1.132492
1614392549619,2.6887705,-9.433443,1.3551595
1614392549637,3.469304,-10.295382,1.6233183
1614392549657,3.7015488,-9.471751,1.6688095
1614392549677,3.9505534,-10.338479,0.09577099
1614392549697,2.4206119,-11.092675,-1.4533248
1614392549719,0.71828246,-10.96099,0.26337022
1614392549740,-1.4485363,-10.625792,0.39266106
1614392549760,-3.4956412,-9.787795,0.74222517
1614392549777,-2.3032923,-9.07909,0.60335726
1614392549798,-1.620924,-10.08708,0.37350687
1614392549817,-0.2944958,-10.64734,1.0032011
1614392549838,1.5227587,-10.051166,1.7214836
1614392549859,3.8571768,-8.085466,1.5993756
1614392549879,6.1054006,-9.397529,0.05027977
1614392549900,4.731087,-10.281016,0.7877164
1614392549922,2.1117504,-9.09585,1.4868447
1614392549938,0.5961744,-9.500483,0.88109314
1614392549959,1.1013664,-11.846871,-1.0606637
1614392549977,-0.052674048,-11.480548,-2.2123098
1614392549997,-3.407053,-9.466963,0.0670397
1614392550016,-1.3791022,-8.746285,-0.4956149
1614392550038,-0.5698374,-8.703189,-0.8643332
1614392550056,0.0023942748,-9.308941,1.376708
1614392550077,-0.42378664,-9.450203,2.0159793
1614392550097,-2.3344178,-12.378401,2.9473522
1614392550116,-0.24421602,-11.538011,2.185973
1614392550136,0.33519846,-5.9832926,2.6456738
1614392550157,0.6153286,-9.047964,4.113364
1614392550176,2.595394,-11.152532,2.4780743
1614392550196,1.2953026,-10.178062,1.4676905
1614392550218,0.5865973,-10.048771,1.9896424
1614392550236,0.38068968,-10.0368,1.2617828
1614392550256,0.3040729,-10.63058,0.15323359
1614392550277,0.7039168,-10.324113,-0.9816527
1614392550296,2.6193366,-13.771869,-0.53392327
1614392550316,-1.924997,-9.804555,-1.3575538
1614392550338,-0.80208206,-11.810958,-0.18914771
1614392550357,-0.07901107,-11.674484,0.22027329
1614392550377,0.45730647,-12.016866,0.95531565
1614392550398,0.72546524,-11.497308,2.569057
1614392550418,0.67279124,-11.722369,1.3838909
1614392550437,-1.1133378,-12.167705,1.9202085
1614392550459,-0.071828246,-11.959403,2.248224
1614392550478,0.05027977,-11.226754,2.0878077
1614392550499,-0.21787901,-11.267457,1.8819
1614392550520,0.3423813,-11.353651,1.8507744
1614392550540,-0.019154198,-10.101445,1.3838909
1614392550559,-1.3982565,-10.668888,0.45970076
1614392550580,-0.22266756,-11.020847,0.026337024
1614392550599,-0.25379312,-9.785401,-0.071828246
1614392550619,0.22985038,-9.282603,0.9241901
1614392550641,0.8236305,-10.055954,-0.7972935
1614392550659,0.89545876,-11.169292,-0.54350036
1614392550679,1.0822122,-10.877191,2.2985039
1614392550701,1.211503,-11.121407,2.1380875
1614392550720,1.4868447,-11.262669,1.0415095
1614392550741,2.6887705,-10.252285,2.011191
1614392550761,2.516383,-8.861211,1.7406378
1614392550781,1.1061549,-9.402317,0.26337022
1614392550800,1.3575538,-9.8237095,0.723071
1614392550819,1.9944309,-8.516436,2.7390504
1614392550838,1.9010541,-8.521224,0.4764607
1614392550857,1.4102279,-8.346442,1.0941836
1614392550878,5.2937417,-8.5331955,3.1987512
1614392550898,4.2019525,-8.030397,4.120547
1614392550919,0.48124924,-8.444607,3.7949257
1614392550938,1.4820561,-8.736709,4.2737803
1614392550968,2.5546913,-9.301758,4.434197
1614392550976,1.3024855,-9.407105,5.5092263
1614392550999,0.72546524,-9.42626,6.981705
1614392551018,1.5107874,-9.6585045,6.4525704
1614392551037,-1.1205206,-10.094262,4.903475
1614392551060,-1.541913,-10.503684,4.5898247
1614392551079,-0.60335726,-11.063944,6.002447
1614392551099,1.2402344,-11.269852,6.881146
1614392551121,0.22985038,-11.813352,6.002447
1614392551139,-1.228263,-11.748707,4.659259
1614392551160,-0.7972935,-12.095877,3.7135203
1614392551181,-0.9194015,-11.892363,4.3671575
1614392551200,-1.8627458,-11.312948,5.446975
1614392551220,-0.66321415,-11.557164,6.3831367
1614392551240,0.46927786,-12.263475,4.7693954
1614392551260,0.12210801,-12.474172,2.4972286
1614392551283,-0.13886794,-11.147743,1.7095122
1614392551300,1.3455825,-10.793391,2.0973847
1614392551319,2.3942747,-10.735929,2.7390504
1614392551340,2.5235655,-10.115811,2.7462332
1614392551361,1.446142,-8.820508,3.2921278
1614392551380,1.3910737,-8.389539,3.9673133
1614392551401,0.91461295,-7.7766047,3.11974
1614392551421,3.0455174,-7.49408,2.7749646
1614392551438,3.9146392,-7.4414062,3.5076127
1614392551459,4.599402,-6.038361,6.8907228
1614392551478,2.8396099,-6.1484976,7.0702934
1614392551497,2.8539755,-4.98488,6.2538457
1614392551517,1.8148603,-3.6488748,4.1516724
1614392551539,1.1971374,-2.4900458,3.624932
1614392551557,1.3407938,-2.5068057,6.019207
1614392551577,3.1843855,-3.0527003,7.5419655
1614392551599,2.6863763,-2.8994668,8.954588
1614392551623,2.2314641,-0.8571504,9.059936
1614392551639,2.3823035,0.17478207,7.2187386
1614392551660,0.0670397,1.2713599,6.0670924
1614392551680,2.6025767,0.48843205,6.8500204
1614392551700,2.8348215,0.6249057,8.6433325
1614392551720,1.2809371,1.2138973,7.5323887
1614392551740,1.7023294,2.2506182,7.573091
1614392551760,1.525153,2.832427,7.788576
1614392551781,0.9577099,3.8236568,9.158101
1614392551800,0.43336374,4.09421,9.368797
1614392551820,0.8739103,3.4884584,8.535589
1614392551840,0.57462597,4.460534,8.061523
1614392551859,0.12450229,4.8124924,8.102226
1614392551879,0.07422252,4.1612496,8.775017
1614392551901,-0.047885496,4.1851926,9.47654
1614392551920,0.18914771,3.0957973,10.532414
1614392551941,-0.8930645,4.235472,9.196409
1614392551961,-0.51716334,4.242655,9.47654
1614392551979,-0.016759925,3.1939626,9.557945
1614392551999,0.047885496,3.0886145,9.452597
1614392552023,-0.1340794,3.301705,8.679246
1614392552040,-0.45491222,4.024776,8.722343
1614392552060,-0.24900457,3.9098508,8.959376
1614392552084,0.2849187,3.2777622,8.909097
1614392552097,0.37111259,2.9425638,8.739103
1614392552118,0.5027977,3.067066,8.830086
1614392552139,0.071828246,3.1915684,8.650515
1614392552158,-0.047885496,3.337619,8.696006
1614392552178,-0.028731298,3.1556542,8.803748
1614392552202,-0.019154198,2.9305923,10.371999
1614392552217,-0.05027977,3.4645157,8.396722
1614392552246,-0.052674048,3.9170337,7.534783
1614392552258,0.26097596,2.5522969,8.76544
